film_key,letterboxd_uri,title,year,watched,my_letterboxd_rating,watch_dates,review_text
(500) days of summer:2009,https://boxd.it/1EmM,(500) Days of Summer,2009,True,4.5,,
12 angry men:1957,https://boxd.it/2auI,12 Angry Men,1957,True,,,
12 years a slave:2013,https://boxd.it/2D2e,12 Years a Slave,2013,True,4.5,,
1408:2007,https://boxd.it/25Vu,1408,2007,True,,,
1917:2019,https://boxd.it/jj4y,1917,2019,True,3.5,,
2 fast 2 furious:2003,https://boxd.it/2a4g,2 Fast 2 Furious,2003,True,,,
2001: a space odyssey:1968,https://boxd.it/2bf0,2001: A Space Odyssey,1968,True,5.0,,
2012:2009,https://boxd.it/1OE2,2012,2009,True,,,
21:2008,https://boxd.it/20BO,21,2008,True,,,
25th hour:2002,https://boxd.it/28LC,25th Hour,2002,True,4.0,2025-12-13,
28 days later:2002,https://boxd.it/2aXU,28 Days Later,2002,True,2.5,2025-09-06,
3 idiots:2009,https://boxd.it/1Dsa,3 Idiots,2009,True,,,
3 women:1977,https://boxd.it/YPs,3 Women,1977,True,4.5,2026-06-01,
300:2006,https://boxd.it/28XI,300,2006,True,3.5,,
50 first dates:2004,https://boxd.it/285c,50 First Dates,2004,True,2.5,,
50/50:2011,https://boxd.it/10Tw,50/50,2011,True,,,
7 khoon maaf:2011,https://boxd.it/plC,7 Khoon Maaf,2011,True,,,
8 mile:2002,https://boxd.it/2bew,8 Mile,2002,True,,,
8:46:2020,https://boxd.it/qL5e,8:46,2020,True,,,
a beautiful mind:2001,https://boxd.it/2amk,A Beautiful Mind,2001,True,,,
a bronx tale:1993,https://boxd.it/28uQ,A Bronx Tale,1993,True,4.5,,
a clockwork orange:1971,https://boxd.it/2aVE,A Clockwork Orange,1971,True,4.5,,
a few good men:1992,https://boxd.it/29nw,A Few Good Men,1992,True,4.0,,
a ghost story:2017,https://boxd.it/fb0K,A Ghost Story,2017,True,3.5,2026-07-02,
a nightmare on elm street:1984,https://boxd.it/2aw0,A Nightmare on Elm Street,1984,True,,,
a prophet:2009,https://boxd.it/1BGE,A Prophet,2009,True,4.5,2026-05-05,
a separation:2011,https://boxd.it/gvo,A Separation,2011,True,5.0,2026-05-13,
a serious man:2009,https://boxd.it/1RFW,A Serious Man,2009,True,4.5,2026-06-06,
a star is born:2018,https://boxd.it/aXgc,A Star Is Born,2018,True,3.0,,
a time to kill:1996,https://boxd.it/28pc,A Time to Kill,1996,True,,,
a walk to remember:2002,https://boxd.it/1WLq,A Walk to Remember,2002,True,3.0,,
a wednesday!:2008,https://boxd.it/1EFE,A Wednesday!,2008,True,,,
a woman under the influence:1974,https://boxd.it/1myg,A Woman Under the Influence,1974,True,5.0,2025-09-10,"'I remember before, when you were punching me in favor of your mother.' 
It’s raw, unfiltered emotion. The kind that leaves you breathless.

By the end, Mabel remains the same fragile woman she was before the institutionalization. And that’s the tragedy, not the illness, but the inability of people to meet her with compassion. If only people were gentler, more understanding.

This might be the best portrayal of mental illness and the stigma that surrounds it. Top notch performance by Gena Rowlands.

Classic!"
aankhen:2002,https://boxd.it/1BdM,Aankhen,2002,True,,,
adaptation.:2002,https://boxd.it/26mA,Adaptation.,2002,True,4.0,2025-07-01,
adolescence:2025,https://boxd.it/TFGw,Adolescence,2025,True,4.5,,
after hours:1985,https://boxd.it/1VfS,After Hours,1985,True,5.0,,
agora:2009,https://boxd.it/1tVc,Agora,2009,True,3.5,,
agra:2023,https://boxd.it/E4Ee,Agra,2023,True,4.0,2025-12-08,
ajab prem ki ghazab kahani:2009,https://boxd.it/1wUm,Ajab Prem Ki Ghazab Kahani,2009,True,,,
alice doesn't live here anymore:1974,https://boxd.it/1KIa,Alice Doesn't Live Here Anymore,1974,True,4.5,2025-11-13,
alien:1979,https://boxd.it/2awY,Alien,1979,True,4.5,2025-10-02,
alita: battle angel:2019,https://boxd.it/e0rS,Alita: Battle Angel,2019,True,,,
all about eve:1950,https://boxd.it/29LI,All About Eve,1950,True,,,
all about my mother:1999,https://boxd.it/2b9c,All About My Mother,1999,True,4.0,2026-05-17,
all quiet on the western front:2022,https://boxd.it/H08,All Quiet on the Western Front,2022,True,,,
all that jazz:1979,https://boxd.it/1JB8,All That Jazz,1979,True,5.0,2025-10-08,
all the president's men:1976,https://boxd.it/29lU,All the President's Men,1976,True,4.0,2025-09-28,
almost famous:2000,https://boxd.it/29CQ,Almost Famous,2000,True,4.0,2026-04-27,
amadeus:1984,https://boxd.it/2aH8,Amadeus,1984,True,,,
american beauty:1999,https://boxd.it/71Y,American Beauty,1999,True,4.5,,
american gangster:2007,https://boxd.it/23wi,American Gangster,2007,True,4.0,,
american history x:1998,https://boxd.it/2bdo,American History X,1998,True,3.5,,
american hustle:2013,https://boxd.it/5dz8,American Hustle,2013,True,,,
american pie:1999,https://boxd.it/27qy,American Pie,1999,True,,,
american pie 2:2001,https://boxd.it/26kO,American Pie 2,2001,True,,,
american pie presents: the book of love:2009,https://boxd.it/1uwC,American Pie Presents: The Book of Love,2009,True,,,
american pie presents: the naked mile:2006,https://boxd.it/20qG,American Pie Presents: The Naked Mile,2006,True,,,
american psycho:2000,https://boxd.it/28Vs,American Psycho,2000,True,4.0,,
american sniper:2014,https://boxd.it/5LDy,American Sniper,2014,True,,,
amour:2012,https://boxd.it/34Q6,Amour,2012,True,4.5,2025-12-07,
anaconda:1997,https://boxd.it/1YSy,Anaconda,1997,True,,,
anand:1971,https://boxd.it/1uhM,Anand,1971,True,5.0,,
anatomy of a fall:2023,https://boxd.it/yuDE,Anatomy of a Fall,2023,True,4.0,,
anatomy of a murder:1959,https://boxd.it/2baa,Anatomy of a Murder,1959,True,,,
andrei rublev:1966,https://boxd.it/29lg,Andrei Rublev,1966,True,,,
ankhon dekhi:2013,https://boxd.it/76UC,Ankhon Dekhi,2013,True,4.5,,
annie hall:1977,https://boxd.it/29M2,Annie Hall,1977,True,,,
anomalisa:2015,https://boxd.it/97TE,Anomalisa,2015,True,4.5,2026-01-31,
anora:2024,https://boxd.it/Egcw,Anora,2024,True,4.0,2025-11-03,
another round:2020,https://boxd.it/lkba,Another Round,2020,True,5.0,2026-07-16,
anthony jeselnik: fire in the maternity ward:2019,https://boxd.it/lRBK,Anthony Jeselnik: Fire in the Maternity Ward,2019,True,,,
antichrist:2009,https://boxd.it/1Inu,Antichrist,2009,True,4.0,2025-10-01,Nature is Satan's church
aparajito:1956,https://boxd.it/29kW,Aparajito,1956,True,4.5,2026-08-19,Emotional Damage
apocalypse now:1979,https://boxd.it/6ZS,Apocalypse Now,1979,True,,,
apur sansar:1959,https://boxd.it/29l6,Apur Sansar,1959,True,5.0,2026-08-20,"How do you make sense of the hardships life puts you through, let alone find a way to thrive and enjoy it?  
This trilogy is an optimistic tale, exactly the kind Apu describes the protagonist of his novel to be. His smile at the end is a priceless and satisfying conclusion to his saga."
argo:2012,https://boxd.it/2czU,Argo,2012,True,,,
ariel:1988,https://boxd.it/73K,Ariel,1988,True,4.0,2025-12-20,
arrival:2016,https://boxd.it/aNGk,Arrival,2016,True,,,
as good as it gets:1997,https://boxd.it/268y,As Good as It Gets,1997,True,,,
audition:1999,https://boxd.it/1UHm,Audition,1999,True,4.0,2025-12-05,
autumn sonata:1978,https://boxd.it/1Rio,Autumn Sonata,1978,True,5.0,2025-12-21,I HAVE ABANDONED MY CHILD!!!
avatar:2009,https://boxd.it/1Efm,Avatar,2009,True,,,
avengers: endgame:2019,https://boxd.it/9vE4,Avengers: Endgame,2019,True,,,
avengers: infinity war:2018,https://boxd.it/9vEe,Avengers: Infinity War,2018,True,,,
awakenings:1990,https://boxd.it/1USu,Awakenings,1990,True,4.0,,
babel:2006,https://boxd.it/292o,Babel,2006,True,,,
baby driver:2017,https://boxd.it/bhF2,Baby Driver,2017,True,,,
baby's day out:1994,https://boxd.it/1Ume,Baby's Day Out,1994,True,,,
babylon:2022,https://boxd.it/mM02,Babylon,2022,True,4.5,2026-02-14,
back to the future:1985,https://boxd.it/2b8e,Back to the Future,1985,True,,,
back to the future part iii:1990,https://boxd.it/2aTS,Back to the Future Part III,1990,True,,,
backrooms:2026,https://boxd.it/EY6W,Backrooms,2026,True,4.0,2026-07-15,
bacurau:2019,https://boxd.it/fSUG,Bacurau,2019,True,4.0,2026-06-08,
badlapur:2015,https://boxd.it/avnO,Badlapur,2015,True,,,
bajrangi bhaijaan:2015,https://boxd.it/bIbo,Bajrangi Bhaijaan,2015,True,,,
band of brothers:2001,https://boxd.it/aRNY,Band of Brothers,2001,True,,,
bandit queen:1994,https://boxd.it/1NoC,Bandit Queen,1994,True,4.5,2025-07-21,
barry lyndon:1975,https://boxd.it/25A2,Barry Lyndon,1975,True,5.0,2025-11-18,
barton fink:1991,https://boxd.it/2aFQ,Barton Fink,1991,True,4.5,2026-06-03,
basic instinct:1992,https://boxd.it/2asM,Basic Instinct,1992,True,,,
batman begins:2005,https://boxd.it/2aIg,Batman Begins,2005,True,3.5,2026-07-19,
beau is afraid:2023,https://boxd.it/u2gE,Beau Is Afraid,2023,True,3.5,2025-11-12,
before midnight:2013,https://boxd.it/4ive,Before Midnight,2013,True,,,
before sunrise:1995,https://boxd.it/2bcU,Before Sunrise,1995,True,,,
before sunset:2004,https://boxd.it/2bcg,Before Sunset,2004,True,,,
before the devil knows you're dead:2007,https://boxd.it/20Jy,Before the Devil Knows You're Dead,2007,True,4.5,2026-05-27,
being john malkovich:1999,https://boxd.it/2ahu,Being John Malkovich,1999,True,4.5,,
benny's video:1992,https://boxd.it/27Hk,Benny's Video,1992,True,4.0,2025-12-11,
bhoothnath:2008,https://boxd.it/1L6c,Bhoothnath,2008,True,,,
big fish:2003,https://boxd.it/2a3M,Big Fish,2003,True,4.0,,
bird box:2018,https://boxd.it/eh1i,Bird Box,2018,True,2.0,,
birdman or (the unexpected virtue of ignorance):2014,https://boxd.it/5RFA,Birdman or (The Unexpected Virtue of Ignorance),2014,True,4.5,,
biwi no.1:1999,https://boxd.it/51KS,Biwi No.1,1999,True,,,
blackkklansman:2018,https://boxd.it/hxL8,BlacKkKlansman,2018,True,4.5,2025-12-13,
black girl:1966,https://boxd.it/3jIQ,Black Girl,1966,True,5.0,2026-03-01,
black mass:2015,https://boxd.it/7K2g,Black Mass,2015,True,,,
black swan:2010,https://boxd.it/Sw0,Black Swan,2010,True,,,
blade runner:1982,https://boxd.it/2bcA,Blade Runner,1982,True,4.0,,
blade runner 2049:2017,https://boxd.it/b8wK,Blade Runner 2049,2017,True,4.5,,
bleeder:1999,https://boxd.it/1HKs,Bleeder,1999,True,4.0,2026-02-14,
blood diamond:2006,https://boxd.it/28Tm,Blood Diamond,2006,True,3.5,,
blow:2001,https://boxd.it/24Mm,Blow,2001,True,,,
blow out:1981,https://boxd.it/1TlE,Blow Out,1981,True,4.5,2026-03-29,
blow-up:1966,https://boxd.it/2966,Blow-Up,1966,True,,2025-11-10,
blue moon:2025,https://boxd.it/Nzwy,Blue Moon,2025,True,4.0,2026-01-06,
blue velvet:1986,https://boxd.it/29BI,Blue Velvet,1986,True,4.0,,
bohemian rhapsody:2018,https://boxd.it/f1TK,Bohemian Rhapsody,2018,True,3.5,,
boogie nights:1997,https://boxd.it/23um,Boogie Nights,1997,True,4.5,2025-09-16,
borat subsequent moviefilm: delivery of prodigious bribe to american regime for make benefit once glorious nation of kazakhstan:2020,https://boxd.it/rNS0,Borat Subsequent Moviefilm: Delivery of Prodigious Bribe to American Regime for Make Benefit Once Glorious Nation of Kazakhstan,2020,True,3.0,,
borat: cultural learnings of america for make benefit glorious nation of kazakhstan:2006,https://boxd.it/2agQ,Borat: Cultural Learnings of America for Make Benefit Glorious Nation of Kazakhstan,2006,True,,,
boyhood:2014,https://boxd.it/3178,Boyhood,2014,True,4.0,,
braveheart:1995,https://boxd.it/2aTI,Braveheart,1995,True,,,
brazil:1985,https://boxd.it/2be2,Brazil,1985,True,3.5,2025-07-22,
breaking the waves:1996,https://boxd.it/2b1W,Breaking the Waves,1996,True,4.5,2026-06-17,
bridge of spies:2015,https://boxd.it/9n9C,Bridge of Spies,2015,True,,,
bridge to terabithia:2007,https://boxd.it/28YG,Bridge to Terabithia,2007,True,,,
bring her back:2025,https://boxd.it/Hxlc,Bring Her Back,2025,True,3.0,2026-01-07,IT'S CREATINE!
buffalo '66:1998,https://boxd.it/1YC6,Buffalo '66,1998,True,5.0,2025-09-14,
bugonia:2025,https://boxd.it/qeWY,Bugonia,2025,True,4.0,2025-11-30,
burning:2018,https://boxd.it/hHUa,Burning,2018,True,4.0,2026-06-22,
butch cassidy and the sundance kid:1969,https://boxd.it/29Vy,Butch Cassidy and the Sundance Kid,1969,True,,,
caché:2005,https://boxd.it/2amY,Caché,2005,True,4.5,2025-11-02,
call me by your name:2017,https://boxd.it/dYmm,Call Me by Your Name,2017,True,4.0,,
cannibal tours:1988,https://boxd.it/14hw,Cannibal Tours,1988,True,4.5,2026-07-05,
cape fear:1991,https://boxd.it/28vu,Cape Fear,1991,True,4.0,,
capitalism: a love story:2009,https://boxd.it/1B62,Capitalism: A Love Story,2009,True,,,
carlito's way:1993,https://boxd.it/226e,Carlito's Way,1993,True,4.0,,
carnival of souls:1962,https://boxd.it/1KQ4,Carnival of Souls,1962,True,4.0,2025-11-30,"To me, a church is just a place of business"
casablanca:1942,https://boxd.it/2aG0,Casablanca,1942,True,,,
casino:1995,https://boxd.it/2ads,Casino,1995,True,4.5,,
cast away:2000,https://boxd.it/20i8,Cast Away,2000,True,3.5,,
catch me if you can:2002,https://boxd.it/29VS,Catch Me If You Can,2002,True,4.0,,
chachi 420:1997,https://boxd.it/4lsC,Chachi 420,1997,True,,,
chamatkar:1992,https://boxd.it/QzQ,Chamatkar,1992,True,,,
chernobyl:2019,https://boxd.it/mkbG,Chernobyl,2019,True,5.0,,
child's play:1988,https://boxd.it/1VTo,Child's Play,1988,True,,,
children of men:2006,https://boxd.it/1Y2i,Children of Men,2006,True,4.0,2026-06-14,
chinatown:1974,https://boxd.it/29vU,Chinatown,1974,True,,,
chori chori chupke chupke:2001,https://boxd.it/3Dls,Chori Chori Chupke Chupke,2001,True,,,
chungking express:1994,https://boxd.it/1UDa,Chungking Express,1994,True,4.0,2026-02-15,
circle:2015,https://boxd.it/b5So,Circle,2015,True,,,
citizen kane:1941,https://boxd.it/71O,Citizen Kane,1941,True,,,
city of god:2002,https://boxd.it/2a2a,City of God,2002,True,4.5,,
"clean, shaven:1993",https://boxd.it/28IS,"Clean, Shaven",1993,True,4.5,2025-12-02,
climates:2006,https://boxd.it/1H0k,Climates,2006,True,3.5,2026-06-18,
climax:2018,https://boxd.it/ikvo,Climax,2018,True,5.0,2025-10-21|2026-06-13,
cloud:2024,https://boxd.it/LhR0,Cloud,2024,True,3.5,2025-09-28,
code unknown:2000,https://boxd.it/1kaw,Code Unknown,2000,True,4.0,2026-03-12,
collateral:2004,https://boxd.it/28F0,Collateral,2004,True,,,
come and see:1985,https://boxd.it/1w9q,Come and See,1985,True,5.0,,
constantine:2005,https://boxd.it/2a7E,Constantine,2005,True,,,
contact:1997,https://boxd.it/29OM,Contact,1997,True,3.0,,
contagion:2011,https://boxd.it/13rq,Contagion,2011,True,,,
creep:2014,https://boxd.it/7l4c,Creep,2014,True,,,
cries and whispers:1972,https://boxd.it/1WK8,Cries and Whispers,1972,True,4.0,2025-12-22,
cure:1997,https://boxd.it/1blA,Cure,1997,True,5.0,2025-11-26,
dahmer - monster: the jeffrey dahmer story:2022,https://boxd.it/CRG0,DAHMER - Monster: The Jeffrey Dahmer Story,2022,True,4.0,,
dabangg:2010,https://boxd.it/RZ6,Dabangg,2010,True,,,
dahomey:2024,https://boxd.it/FFBI,Dahomey,2024,True,3.5,2025-12-15,
dallas buyers club:2013,https://boxd.it/4O8G,Dallas Buyers Club,2013,True,4.0,,
damnation:1988,https://boxd.it/1E28,Damnation,1988,True,4.0,2026-02-01,
dancer in the dark:2000,https://boxd.it/71E,Dancer in the Dark,2000,True,5.0,2026-05-12,Lars you fuckin bastard. I love you!
dangal:2016,https://boxd.it/chfU,Dangal,2016,True,,,
darkest hour:2017,https://boxd.it/dZZa,Darkest Hour,2017,True,3.5,,
darna mana hai:2003,https://boxd.it/2ARI,Darna Mana Hai,2003,True,,,
das boot:1981,https://boxd.it/2av2,Das Boot,1981,True,4.5,2026-05-01,
dave chappelle: sticks & stones:2019,https://boxd.it/n8fy,Dave Chappelle: Sticks & Stones,2019,True,,,
dazed and confused:1993,https://boxd.it/1Ylk,Dazed and Confused,1993,True,,,
dead man:1995,https://boxd.it/29h4,Dead Man,1995,True,4.0,2026-02-15,
dead poets society:1989,https://boxd.it/2aSg,Dead Poets Society,1989,True,,,
decision to leave:2022,https://boxd.it/qp9e,Decision to Leave,2022,True,4.0,2026-03-14,
deep blue sea:1999,https://boxd.it/1ZBo,Deep Blue Sea,1999,True,,,
delhi belly:2011,https://boxd.it/2gEk,Delhi Belly,2011,True,,,
dev.d:2009,https://boxd.it/1L5I,Dev.D,2009,True,4.5,,
devdas:2002,https://boxd.it/1Leq,Devdas,2002,True,,,
dhobi ghat:2010,https://boxd.it/tae,Dhobi Ghat,2010,True,,,
dhol:2007,https://boxd.it/1F8c,Dhol,2007,True,,,
diabolique:1955,https://boxd.it/29we,Diabolique,1955,True,4.5,2026-04-10,
dial m for murder:1954,https://boxd.it/2adW,Dial M for Murder,1954,True,5.0,2026-06-07,
dil to pagal hai:1997,https://boxd.it/1OYG,Dil To Pagal Hai,1997,True,,,
dirty harry:1971,https://boxd.it/299E,Dirty Harry,1971,True,,,
distant:2002,https://boxd.it/1k28,Distant,2002,True,4.5,2026-05-18,
django unchained:2012,https://boxd.it/2cCk,Django Unchained,2012,True,4.5,,
do the right thing:1989,https://boxd.it/29gA,Do the Right Thing,1989,True,4.5,2026-03-04,
dog day afternoon:1975,https://boxd.it/29bg,Dog Day Afternoon,1975,True,,,
dogtooth:2009,https://boxd.it/158K,Dogtooth,2009,True,4.0,2025-11-03,
dogville:2003,https://boxd.it/2a8W,Dogville,2003,True,5.0,2025-11-07,"Empathy might be something you can teach, but let’s be honest, he’s not going to buck the freight industry, is he?"
don jon:2013,https://boxd.it/4sdk,Don Jon,2013,True,,,
don't look up:2021,https://boxd.it/o0Hc,Don't Look Up,2021,True,3.5,2022-05-30,
donnie brasco:1997,https://boxd.it/1YRA,Donnie Brasco,1997,True,4.5,,
donnie darko:2001,https://boxd.it/2b2A,Donnie Darko,2001,True,4.0,,
double indemnity:1944,https://boxd.it/297I,Double Indemnity,1944,True,4.5,2026-04-23,
doubt:2008,https://boxd.it/1OfQ,Doubt,2008,True,,,
downfall:2004,https://boxd.it/2a04,Downfall,2004,True,4.5,,
dr. strangelove or: how i learned to stop worrying and love the bomb:1964,https://boxd.it/29eY,Dr. Strangelove or: How I Learned to Stop Worrying and Love the Bomb,1964,True,5.0,2025-10-20,"“It would not be difficult, Mein Führer.”"
drishyam:2015,https://boxd.it/bQgm,Drishyam,2015,True,,,
drive:2011,https://boxd.it/IG,Drive,2011,True,,,
dumb and dumber:1994,https://boxd.it/206m,Dumb and Dumber,1994,True,4.0,,
dumb and dumber to:2014,https://boxd.it/3qPk,Dumb and Dumber To,2014,True,,,
dunki:2023,https://boxd.it/Ahr0,Dunki,2023,True,,,
dunkirk:2017,https://boxd.it/d0Y6,Dunkirk,2017,True,4.5,2026-07-24,
eddington:2025,https://boxd.it/o6MC,Eddington,2025,True,4.0,2025-10-05,
ek tha tiger:2012,https://boxd.it/32Xk,Ek Tha Tiger,2012,True,,,
el topo:1970,https://boxd.it/1QYS,El Topo,1970,True,3.5,2026-08-09,
elle:2016,https://boxd.it/bdhq,Elle,2016,True,4.0,2026-06-05,
enter the dragon:1973,https://boxd.it/1YCA,Enter the Dragon,1973,True,,,
enter the void:2009,https://boxd.it/1dy2,Enter the Void,2009,True,4.0,2025-10-03,
eraserhead:1977,https://boxd.it/299u,Eraserhead,1977,True,,,
eternal sunshine of the spotless mind:2004,https://boxd.it/6YK,Eternal Sunshine of the Spotless Mind,2004,True,4.0,,
everything everywhere all at once:2022,https://boxd.it/jUk4,Everything Everywhere All at Once,2022,True,4.0,,
ex machina:2015,https://boxd.it/7T2k,Ex Machina,2015,True,4.0,,
eyes wide shut:1999,https://boxd.it/2axs,Eyes Wide Shut,1999,True,4.0,,
face/off:1997,https://boxd.it/29I0,Face/Off,1997,True,3.0,,
faces:1968,https://boxd.it/29Ia,Faces,1968,True,3.5,2026-05-14,
fallen leaves:2023,https://boxd.it/Bgew,Fallen Leaves,2023,True,5.0,2025-12-16,
fanaa:2006,https://boxd.it/207O,Fanaa,2006,True,,,
fanny and alexander:1982,https://boxd.it/22go,Fanny and Alexander,1982,True,5.0,2026-06-21,
fargo:1996,https://boxd.it/2aHM,Fargo,1996,True,4.0,2026-06-04,
fast & furious:2009,https://boxd.it/1Pnm,Fast & Furious,2009,True,,,
fear and loathing in las vegas:1998,https://boxd.it/27Xs,Fear and Loathing in Las Vegas,1998,True,4.0,,
ferris bueller's day off:1986,https://boxd.it/1YPY,Ferris Bueller's Day Off,1986,True,4.0,2026-03-12,
fight club:1999,https://boxd.it/2a9q,Fight Club,1999,True,5.0,,
flipped:2010,https://boxd.it/Tb8,Flipped,2010,True,3.5,,
following:1998,https://boxd.it/1Tj4,Following,1998,True,3.5,2026-07-14,
for a few dollars more:1965,https://boxd.it/29eu,For a Few Dollars More,1965,True,,,
ford v ferrari:2019,https://boxd.it/ce74,Ford v Ferrari,2019,True,2.5,,
forrest gump:1994,https://boxd.it/728,Forrest Gump,1994,True,,,
fracture:2007,https://boxd.it/220K,Fracture,2007,True,,,
fractured:2019,https://boxd.it/kPL2,Fractured,2019,True,3.0,2025-03-29,
frankenstein:2025,https://boxd.it/Ecsg,Frankenstein,2025,True,3.0,2026-01-22,
friendship:2024,https://boxd.it/L6Dc,Friendship,2024,True,3.5,2026-03-30,
full metal jacket:1987,https://boxd.it/2a1Q,Full Metal Jacket,1987,True,,,
funny games:1997,https://boxd.it/1WKM,Funny Games,1997,True,4.0,2025-11-02,
furious 7:2015,https://boxd.it/5cVs,Furious 7,2015,True,0.5,,
gangs of new york:2002,https://boxd.it/25FG,Gangs of New York,2002,True,4.0,,
gangs of wasseypur - making uncut - the roots of revenge from wasseypur:2013,https://boxd.it/qnLK,Gangs of Wasseypur - Making Uncut -  The Roots of Revenge from Wasseypur,2013,True,4.5,,
gangs of wasseypur – part 1:2012,https://boxd.it/3UHK,Gangs of Wasseypur – Part 1,2012,True,,,
gangs of wasseypur – part 2:2012,https://boxd.it/497i,Gangs of Wasseypur – Part 2,2012,True,,,
gattaca:1997,https://boxd.it/29Du,Gattaca,1997,True,3.0,2026-07-01,
george carlin's american dream:2022,https://boxd.it/ADUe,George Carlin's American Dream,2022,True,4.5,,
gerald's game:2017,https://boxd.it/buKa,Gerald's Game,2017,True,,2025-04-05,
get out:2017,https://boxd.it/eOCm,Get Out,2017,True,4.0,2025-09-07,
ghajini:2005,https://boxd.it/2hIM,Ghajini,2005,True,,,
ghajini:2008,https://boxd.it/1OP0,Ghajini,2008,True,,,
ghost rider:2007,https://boxd.it/290M,Ghost Rider,2007,True,,,
"girl, interrupted:1999",https://boxd.it/25ds,"Girl, Interrupted",1999,True,4.0,,
gladiator:2000,https://boxd.it/2b9m,Gladiator,2000,True,,,
glass:2019,https://boxd.it/g3uO,Glass,2019,True,,,
god vulture and human:2023,https://boxd.it/K6FU,God Vulture and Human,2023,True,4.0,2025-11-15,
golmaal – fun unlimited:2006,https://boxd.it/1EI4,Golmaal – Fun Unlimited,2006,True,,,
gone girl:2014,https://boxd.it/6hQu,Gone Girl,2014,True,4.0,,
"good luck, have fun, don't die:2025",https://boxd.it/Glua,"Good Luck, Have Fun, Don't Die",2025,True,1.5,2026-07-11,"Very difficult to watch even as a crowd pleaser. Gets its message across at the end after a ton of unnecessary chaotic buildup, so much so that the small reward is ruined. The pacing is certainly off, and the character flashbacks are out of place. Feels like an autistic child of EEAAO and Black Mirror that should have been aborted. A total waste of time."
good time:2017,https://boxd.it/fcFu,Good Time,2017,True,4.5,2026-01-14,
good will hunting:1997,https://boxd.it/2ahY,Good Will Hunting,1997,True,,,
goodfellas:1990,https://boxd.it/29FA,GoodFellas,1990,True,5.0,,
gotti:1996,https://boxd.it/1Nos,Gotti,1996,True,,,
gotti:2018,https://boxd.it/bgyk,Gotti,2018,True,,,
gravity:2013,https://boxd.it/GZY,Gravity,2013,True,2.5,,
green book:2018,https://boxd.it/hErk,Green Book,2018,True,2.0,2026-08-22,"So we achieve world peace now. What were they thinking? Who is this even made for, the award jury? 

Can't even stand the glasses used by blacks, and he's okay with one of them being his boss? Funniest shit was when the family at the end makes room for the doc moments after calling him names. 

Takes up a complicated issue and does nothing with it. Wonder if this is elite liberals' idea of solving racism."
greener grass:2019,https://boxd.it/jYoY,Greener Grass,2019,True,4.0,2026-04-06,
grizzly man:2005,https://boxd.it/2ag2,Grizzly Man,2005,True,4.0,2026-02-04,
groundhog day:1993,https://boxd.it/2b3e,Groundhog Day,1993,True,3.5,,
gulaal:2009,https://boxd.it/1BAw,Gulaal,2009,True,5.0,,
gummo:1997,https://boxd.it/1H0Y,Gummo,1997,True,4.0,2025-10-11,
gupt: the hidden truth:1997,https://boxd.it/2ltc,Gupt: The Hidden Truth,1997,True,,,
guru:2007,https://boxd.it/1Lyq,Guru,2007,True,,,
hacksaw ridge:2016,https://boxd.it/azew,Hacksaw Ridge,2016,True,,,
haider:2014,https://boxd.it/8E5A,Haider,2014,True,4.5,,
hamnet:2025,https://boxd.it/woVy,Hamnet,2025,True,4.0,2026-02-07,
hannibal:2001,https://boxd.it/1XVc,Hannibal,2001,True,,,
happiness:1998,https://boxd.it/1VEe,Happiness,1998,True,4.5,2026-03-19,
harakiri:1962,https://boxd.it/1NTU,Harakiri,1962,True,5.0,2026-08-04,
hard eight:1996,https://boxd.it/20DU,Hard Eight,1996,True,3.0,2026-02-22,
harry potter and the deathly hallows: part 2:2011,https://boxd.it/1RYk,Harry Potter and the Deathly Hallows: Part 2,2011,True,,,
hazaaron khwaishein aisi:2003,https://boxd.it/1BI6,Hazaaron Khwaishein Aisi,2003,True,4.5,,
heat:1995,https://boxd.it/2bg8,Heat,1995,True,4.5,,
hello brother:1999,https://boxd.it/13Tk,Hello Brother,1999,True,,,
her:2013,https://boxd.it/4O24,Her,2013,True,4.5,,
hera pheri:2000,https://boxd.it/1BBO,Hera Pheri,2000,True,,,
hereditary:2018,https://boxd.it/hNVe,Hereditary,2018,True,4.5,2025-09-30,
heretic:2024,https://boxd.it/H1lY,Heretic,2024,True,3.0,2026-04-21,
high and low:1963,https://boxd.it/1RSc,High and Low,1963,True,5.0,2026-02-05,PERFECTION!!
highway:2014,https://boxd.it/7pEy,Highway,2014,True,,,
hokum:2026,https://boxd.it/SUeq,Hokum,2026,True,3.5,2026-06-02,
holy spider:2022,https://boxd.it/xBn2,Holy Spider,2022,True,4.0,2026-03-28,
home alone:1990,https://boxd.it/29Fg,Home Alone,1990,True,,,
horse girl:2020,https://boxd.it/oioi,Horse Girl,2020,True,2.5,2025-04-01,
hotel rwanda:2004,https://boxd.it/2aSA,Hotel Rwanda,2004,True,,,
house of gucci:2021,https://boxd.it/nVkC,House of Gucci,2021,True,3.0,,
how high:2001,https://boxd.it/20fo,How High,2001,True,,,
hum aapke hain koun..!:1994,https://boxd.it/NiC,Hum Aapke Hain Koun..!,1994,True,,,
hum dil de chuke sanam:1999,https://boxd.it/238g,Hum Dil De Chuke Sanam,1999,True,,,
hum tum:2004,https://boxd.it/24BI,Hum Tum,2004,True,,,
hum tumhare hain sanam:2002,https://boxd.it/3bWU,Hum Tumhare Hain Sanam,2002,True,,,
hungama:2003,https://boxd.it/1CiS,Hungama,2003,True,,,
husbands:1970,https://boxd.it/zOY,Husbands,1970,True,4.5,2026-08-02,The plot isn’t the essential part of a film when the characters and emotions are strong enough.
i am cuba:1964,https://boxd.it/1hUQ,I Am Cuba,1964,True,5.0,2026-04-06,
i am legend:2007,https://boxd.it/21DG,I Am Legend,2007,True,,,
i hate luv storys:2010,https://boxd.it/10XI,I Hate Luv Storys,2010,True,,,
i know what you did last summer:1997,https://boxd.it/2588,I Know What You Did Last Summer,1997,True,,,
i swear:2025,https://boxd.it/Og8k,I Swear,2025,True,4.0,2026-01-28,
i'm thinking of ending things:2020,https://boxd.it/i4IQ,I'm Thinking of Ending Things,2020,True,5.0,2025-04-27|2025-11-01,
icarus:2017,https://boxd.it/fmje,Icarus,2017,True,,,
if i had legs i'd kick you:2025,https://boxd.it/HUtS,If I Had Legs I'd Kick You,2025,True,4.0,2025-12-31,
ikiru:1952,https://boxd.it/251c,Ikiru,1952,True,4.5,2025-11-09,
in bruges:2008,https://boxd.it/20n8,In Bruges,2008,True,4.0,2026-06-26,
in which annie gives it those ones:1989,https://boxd.it/cCoe,In Which Annie Gives It Those Ones,1989,True,4.0,2026-06-11,
in the mood for love:2000,https://boxd.it/29tE,In the Mood for Love,2000,True,5.0,2025-11-03,
incendies:2010,https://boxd.it/Msm,Incendies,2010,True,5.0,2026-03-16,
inception:2010,https://boxd.it/1skk,Inception,2010,True,4.5,2026-07-23,
inglourious basterds:2009,https://boxd.it/1JzG,Inglourious Basterds,2009,True,5.0,,
inherent vice:2014,https://boxd.it/5hla,Inherent Vice,2014,True,3.5,2026-02-07,
inland empire:2006,https://boxd.it/28d6,Inland Empire,2006,True,,,
insidious:2010,https://boxd.it/H4k,Insidious,2010,True,3.5,,
insidious: chapter 2:2013,https://boxd.it/3dqc,Insidious: Chapter 2,2013,True,,,
insomnia:2002,https://boxd.it/2aB0,Insomnia,2002,True,4.0,2026-07-18,
interstellar:2014,https://boxd.it/4VZ8,Interstellar,2014,True,5.0,2026-07-24,
into the wild:2007,https://boxd.it/22m2,Into the Wild,2007,True,4.5,,
iqbal:2005,https://boxd.it/1BH8,Iqbal,2005,True,,,
iron man:2008,https://boxd.it/28dA,Iron Man,2008,True,,,
irreversible:2002,https://boxd.it/29as,Irreversible,2002,True,3.5,2025-10-25,
is raat ki subah nahin:1996,https://boxd.it/aKPI,Is Raat Ki Subah Nahin,1996,True,3.5,2026-04-05,
it:2017,https://boxd.it/bC8e,It,2017,True,,,
it was just an accident:2025,https://boxd.it/TX2k,It Was Just an Accident,2025,True,4.0,2026-01-02,
it's what's inside:2024,https://boxd.it/DOV4,It's What's Inside,2024,True,2.0,2025-04-05,
jaan-e-mann:2006,https://boxd.it/isG,Jaan-E-Mann,2006,True,,,
jaane tu... ya jaane na:2008,https://boxd.it/1O2i,Jaane Tu... Ya Jaane Na,2008,True,,,
jab tak hai jaan:2012,https://boxd.it/4iiu,Jab Tak Hai Jaan,2012,True,,,
jab we met:2007,https://boxd.it/1T2W,Jab We Met,2007,True,,,
jackie brown:1997,https://boxd.it/2aVO,Jackie Brown,1997,True,4.0,,
jacob's ladder:1990,https://boxd.it/270g,Jacob's Ladder,1990,True,,,
jaws:1975,https://boxd.it/2a5e,Jaws,1975,True,3.5,2026-03-05,
"jeanne dielman, 23, quai du commerce, 1080 bruxelles:1975",https://boxd.it/T18,"Jeanne Dielman, 23, quai du Commerce, 1080 Bruxelles",1975,True,5.0,2026-02-16,
john wick:2014,https://boxd.it/7dEc,John Wick,2014,True,3.5,,
joker:2019,https://boxd.it/h4cS,Joker,2019,True,4.0,,
josh:2000,https://boxd.it/4hLq,Josh,2000,True,,,
joyland:2022,https://boxd.it/AlzM,Joyland,2022,True,4.5,,
judas and the black messiah:2021,https://boxd.it/lsew,Judas and the Black Messiah,2021,True,4.0,2026-03-02,
k-pax:2001,https://boxd.it/2aYo,K-PAX,2001,True,3.5,,
kaal:2005,https://boxd.it/1E0G,Kaal,2005,True,,,
kagemusha:1980,https://boxd.it/1SGG,Kagemusha,1980,True,5.0,2026-02-26,
kambakkht ishq:2009,https://boxd.it/1VoA,Kambakkht Ishq,2009,True,,,
karan arjun:1995,https://boxd.it/3gl0,Karan Arjun,1995,True,,,
keane:2004,https://boxd.it/1Q7a,Keane,2004,True,4.0,2025-12-03,
kill bill: vol. 1:2003,https://boxd.it/70w,Kill Bill: Vol. 1,2003,True,,,
kill bill: vol. 2:2004,https://boxd.it/2au4,Kill Bill: Vol. 2,2004,True,,,
killers of the flower moon:2023,https://boxd.it/gHp0,Killers of the Flower Moon,2023,True,4.5,,
killing them softly:2012,https://boxd.it/IQ,Killing Them Softly,2012,True,,,
kingsman: the secret service:2014,https://boxd.it/6dxe,Kingsman: The Secret Service,2014,True,,,
knives out:2019,https://boxd.it/jWEA,Knives Out,2019,True,2.5,,
kramer vs. kramer:1979,https://boxd.it/h0w,Kramer vs. Kramer,1979,True,,,
kundun:1997,https://boxd.it/1XUe,Kundun,1997,True,3.0,,
kung fu hustle:2004,https://boxd.it/1YBi,Kung Fu Hustle,2004,True,,,
kwaidan:1964,https://boxd.it/1kbY,Kwaidan,1964,True,5.0,2026-08-15,
l.a. confidential:1997,https://boxd.it/27oC,L.A. Confidential,1997,True,3.5,,
la haine:1995,https://boxd.it/2as8,La Haine,1995,True,4.5,2025-09-09,
la la land:2016,https://boxd.it/a5fa,La La Land,2016,True,3.5,2025-11-24,
lady bird:2017,https://boxd.it/dGNE,Lady Bird,2017,True,4.0,2025-12-13,
lagaan: once upon a time in india:2001,https://boxd.it/1EII,Lagaan: Once Upon a Time in India,2001,True,,,
lars and the real girl:2007,https://boxd.it/21tG,Lars and the Real Girl,2007,True,4.5,2026-03-12,
late shift:2025,https://boxd.it/QgzO,Late Shift,2025,True,4.0,2026-01-11,
lawrence of arabia:1962,https://boxd.it/2wRE,Lawrence of Arabia,1962,True,,,
le trou:1960,https://boxd.it/1nSw,Le Trou,1960,True,4.5,2026-04-07,
leave the world behind:2023,https://boxd.it/re0i,Leave the World Behind,2023,True,2.0,2025-04-03,
legend:2015,https://boxd.it/8qZY,Legend,2015,True,,,
lemony snicket's a series of unfortunate events:2004,https://boxd.it/1T7s,Lemony Snicket's A Series of Unfortunate Events,2004,True,,,
lenny:1974,https://boxd.it/1sym,Lenny,1974,True,4.5,2026-05-26,
let the right one in:2008,https://boxd.it/1Qr0,Let the Right One In,2008,True,,,
liar liar:1997,https://boxd.it/28sg,Liar Liar,1997,True,,,
licorice pizza:2021,https://boxd.it/qTKY,Licorice Pizza,2021,True,5.0,2025-09-23,
life is beautiful:1997,https://boxd.it/29Wm,Life Is Beautiful,1997,True,,,
like stars on earth:2007,https://boxd.it/20SA,Like Stars on Earth,2007,True,4.5,,
limitless:2011,https://boxd.it/Aly,Limitless,2011,True,,,
little manhattan:2005,https://boxd.it/1JXS,Little Manhattan,2005,True,,,
little women:1994,https://boxd.it/1YiU,Little Women,1994,True,4.0,,
"lock, stock and two smoking barrels:1998",https://boxd.it/2b92,"Lock, Stock and Two Smoking Barrels",1998,True,3.5,,
lolita:1962,https://boxd.it/29Ag,Lolita,1962,True,,,
looper:2012,https://boxd.it/ham,Looper,2012,True,,,
lost highway:1997,https://boxd.it/29Wc,Lost Highway,1997,True,4.0,2025-09-24,
lost in translation:2003,https://boxd.it/2b0E,Lost in Translation,2003,True,5.0,,
lucky number slevin:2006,https://boxd.it/2aVu,Lucky Number Slevin,2006,True,,,
léon: the professional:1994,https://boxd.it/2b8S,Léon: The Professional,1994,True,4.0,,
m:1931,https://boxd.it/29vq,M,1931,True,3.5,2026-04-01,
mad max:1979,https://boxd.it/1Y7i,Mad Max,1979,True,,,
mad max 2:1981,https://boxd.it/1ZPg,Mad Max 2,1981,True,,,
mad max beyond thunderdome:1985,https://boxd.it/1YTm,Mad Max Beyond Thunderdome,1985,True,,,
mad max: fury road:2015,https://boxd.it/2DjO,Mad Max: Fury Road,2015,True,4.5,,
magnolia:1999,https://boxd.it/2aze,Magnolia,1999,True,4.0,,
maharaj:2024,https://boxd.it/IoDe,Maharaj,2024,True,3.0,,
main hoon na:2004,https://boxd.it/1OHA,Main Hoon Na,2004,True,,,
maine pyaar kyun kiya?:2005,https://boxd.it/14cm,Maine Pyaar Kyun Kiya?,2005,True,,,
malcolm x:1992,https://boxd.it/27WE,Malcolm X,1992,True,4.5,2025-09-27,
malena:2000,https://boxd.it/1Vc0,Malena,2000,True,,,
manchester by the sea:2016,https://boxd.it/b2L0,Manchester by the Sea,2016,True,4.0,,
mandabi:1968,https://boxd.it/3pi0,Mandabi,1968,True,4.0,2026-04-28,
mandy:2018,https://boxd.it/gtti,Mandy,2018,True,3.0,2026-05-21,Apart from good visuals its quite predictive and mediocre. Might watch under the influence someday.
mann:1999,https://boxd.it/4Zy6,Mann,1999,True,,,
maqbool:2003,https://boxd.it/1CbM,Maqbool,2003,True,4.5,,
marriage story:2019,https://boxd.it/hJAw,Marriage Story,2019,True,4.0,,
marty supreme:2025,https://boxd.it/Off0,Marty Supreme,2025,True,4.5,2026-02-17,
masaan:2015,https://boxd.it/b6x2,Masaan,2015,True,4.0,,
masoom:1983,https://boxd.it/1BRi,Masoom,1983,True,,,
mean streets:1973,https://boxd.it/2aSU,Mean Streets,1973,True,,,
meet the spartans:2008,https://boxd.it/213S,Meet the Spartans,2008,True,,,
melancholia:2011,https://boxd.it/bPI,Melancholia,2011,True,4.0,2025-09-27,
memento:2000,https://boxd.it/2bcK,Memento,2000,True,4.5,2026-07-17,
memories of murder:2003,https://boxd.it/1TSo,Memories of Murder,2003,True,4.5,2025-11-17,Gotta watch again from murderer's pov
metropolis:1927,https://boxd.it/71a,Metropolis,1927,True,4.5,2026-03-25,Might be the most influential film ever!
mickey 17:2025,https://boxd.it/q1Dk,Mickey 17,2025,True,4.0,2025-11-25,
midnight cowboy:1969,https://boxd.it/25Hi,Midnight Cowboy,1969,True,4.5,2025-09-09,
midsommar:2019,https://boxd.it/jhxe,Midsommar,2019,True,4.0,2025-09-23,
million dollar baby:2004,https://boxd.it/2bdI,Million Dollar Baby,2004,True,,,
minnie and moskowitz:1971,https://boxd.it/1xPi,Minnie and Moskowitz,1971,True,4.5,2026-08-05,
mirage:2018,https://boxd.it/jeOm,Mirage,2018,True,2.5,2025-04-02,
mirror:1975,https://boxd.it/28Q8,Mirror,1975,True,,2025-11-21,
misery:1990,https://boxd.it/28gY,Misery,1990,True,,,
mohabbatein:2000,https://boxd.it/1TFa,Mohabbatein,2000,True,,,
moneyball:2011,https://boxd.it/glS,Moneyball,2011,True,4.0,2026-02-19,
monty python and the holy grail:1975,https://boxd.it/29GI,Monty Python and the Holy Grail,1975,True,4.0,2026-06-16,
moonlight:2016,https://boxd.it/d6bE,Moonlight,2016,True,4.0,2025-09-07,
mother:2009,https://boxd.it/1m9g,Mother,2009,True,5.0,2026-08-24,
mother and son:1997,https://boxd.it/S96,Mother and Son,1997,True,3.5,2025-12-20,
mr. india:1987,https://boxd.it/YeQ,Mr. India,1987,True,,,
mr. nobody:2009,https://boxd.it/1k44,Mr. Nobody,2009,True,4.0,,
mud:2012,https://boxd.it/3wPA,Mud,2012,True,,,
mujhse dosti karoge!:2002,https://boxd.it/1uci,Mujhse Dosti Karoge!,2002,True,,,
mujhse shaadi karogi:2004,https://boxd.it/1Dos,Mujhse Shaadi Karogi,2004,True,,,
mulholland drive:2001,https://boxd.it/297o,Mulholland Drive,2001,True,4.5,,
murder 2:2011,https://boxd.it/2v8I,Murder 2,2011,True,,,
murder mindfully:2024,https://boxd.it/RV7S,Murder Mindfully,2024,True,3.0,,
my cousin vinny:1992,https://boxd.it/1WpO,My Cousin Vinny,1992,True,3.5,,
my dinner with andre:1981,https://boxd.it/1vLe,My Dinner with Andre,1981,True,5.0,2026-02-03,
my name is khan:2010,https://boxd.it/1uD4,My Name Is Khan,2010,True,,,
mysterious skin:2004,https://boxd.it/1UsG,Mysterious Skin,2004,True,4.5,2025-09-25,
mystery train:1989,https://boxd.it/1Ub6,Mystery Train,1989,True,4.0,2026-03-14,
naked:1993,https://boxd.it/1BT4,Naked,1993,True,4.5,2026-03-06,
nashville:1975,https://boxd.it/25GE,Nashville,1975,True,4.5,2025-10-19,
national theatre live: fleabag:2019,https://boxd.it/mXOW,National Theatre Live: Fleabag,2019,True,,,
nayak: the real hero:2001,https://boxd.it/1frs,Nayak: The Real Hero,2001,True,,,
network:1976,https://boxd.it/1VqG,Network,1976,True,4.5,2026-03-08,
never back down:2008,https://boxd.it/207E,Never Back Down,2008,True,,,
"new york, new york:1977",https://boxd.it/1Rw6,"New York, New York",1977,True,4.0,,
nick of time:1995,https://boxd.it/27ts,Nick of Time,1995,True,,,
night at the museum:2006,https://boxd.it/28wi,Night at the Museum,2006,True,,,
nightcrawler:2014,https://boxd.it/780m,Nightcrawler,2014,True,4.0,,
no country for old men:2007,https://boxd.it/21ew,No Country for Old Men,2007,True,4.5,,
no other choice:2025,https://boxd.it/nKiA,No Other Choice,2025,True,4.5,2026-01-01,
no regrets for our youth:1946,https://boxd.it/Um2,No Regrets for Our Youth,1946,True,5.0,2025-11-05,"'My father is a liberal, not a Red'
'My father is in the right, and the right will prevail'

Yeah right!!"
nomadland:2020,https://boxd.it/lnRy,Nomadland,2020,True,3.5,2026-05-24,
nope:2022,https://boxd.it/sDCe,Nope,2022,True,4.0,2025-11-23,
normal people:2020,https://boxd.it/q2VY,Normal People,2020,True,4.5,,
nosferatu:1922,https://boxd.it/29TM,Nosferatu,1922,True,3.5,2026-07-08,
nosferatu:2024,https://boxd.it/f5eG,Nosferatu,2024,True,3.5,2026-07-09,
nosferatu the vampyre:1979,https://boxd.it/21J0,Nosferatu the Vampyre,1979,True,4.0,2026-07-07,
notting hill:1999,https://boxd.it/2aeK,Notting Hill,1999,True,3.5,,
now you see me:2013,https://boxd.it/2Bsu,Now You See Me,2013,True,,,
nowhere:1997,https://boxd.it/286E,Nowhere,1997,True,2.5,2026-02-14,
oasis:2002,https://boxd.it/1sO0,Oasis,2002,True,5.0,2026-06-24,
obsession:2025,https://boxd.it/PNqo,Obsession,2025,True,4.0,2026-06-30,
ocean's eleven:2001,https://boxd.it/2aZm,Ocean's Eleven,2001,True,3.5,,
ocean's twelve:2004,https://boxd.it/2aZ2,Ocean's Twelve,2004,True,,,
okja:2017,https://boxd.it/dvXe,Okja,2017,True,3.0,,
old dads:2023,https://boxd.it/Bk0o,Old Dads,2023,True,2.0,2023-11-10,
oldboy:2003,https://boxd.it/29R2,Oldboy,2003,True,,,
om shanti om:2007,https://boxd.it/20zy,Om Shanti Om,2007,True,,,
omkara:2006,https://boxd.it/1Ny8,Omkara,2006,True,4.0,,
on the silver globe:1988,https://boxd.it/1sAM,On the Silver Globe,1988,True,4.5,2026-04-15,
once upon a time in america:1984,https://boxd.it/2aCs,Once Upon a Time in America,1984,True,,,
once upon a time in anatolia:2011,https://boxd.it/2yHG,Once Upon a Time in Anatolia,2011,True,5.0,2026-03-09,
once upon a time in mexico:2003,https://boxd.it/28LM,Once Upon a Time in Mexico,2003,True,,,
once upon a time... in hollywood:2019,https://boxd.it/gH0O,Once Upon a Time... in Hollywood,2019,True,4.0,,
one battle after another:2025,https://boxd.it/DUHM,One Battle After Another,2025,True,5.0,2025-10-18,
one flew over the cuckoo's nest:1975,https://boxd.it/2aeA,One Flew Over the Cuckoo's Nest,1975,True,4.0,,
only lovers left alive:2013,https://boxd.it/4O1U,Only Lovers Left Alive,2013,True,,,
oppenheimer:2023,https://boxd.it/wUow,Oppenheimer,2023,True,5.0,2026-07-27,
ordet:1955,https://boxd.it/Jiy,Ordet,1955,True,4.5,2026-06-27,
orphan:2009,https://boxd.it/1CgM,Orphan,2009,True,,,
p.s. i love you:2007,https://boxd.it/229C,P.S. I Love You,2007,True,,,
paan singh tomar:2012,https://boxd.it/3l28,Paan Singh Tomar,2012,True,5.0,,
paanch:2003,https://boxd.it/5fE,Paanch,2003,True,,,
pacific rim:2013,https://boxd.it/2cB2,Pacific Rim,2013,True,,,
pan's labyrinth:2006,https://boxd.it/28No,Pan's Labyrinth,2006,True,4.0,2026-04-26,
paradise:2023,https://boxd.it/H7co,Paradise,2023,True,1.5,2025-04-03,
paranormal activity:2007,https://boxd.it/1yIM,Paranormal Activity,2007,True,,,
parasite:2019,https://boxd.it/hTha,Parasite,2019,True,5.0,,
"paris, texas:1984",https://boxd.it/29Ts,"Paris, Texas",1984,True,5.0,,
passengers:2016,https://boxd.it/8lFu,Passengers,2016,True,,,
pather panchali:1955,https://boxd.it/22yC,Pather Panchali,1955,True,5.0,2026-08-18,
paths of glory:1957,https://boxd.it/29b6,Paths of Glory,1957,True,4.5,2026-03-28,
pay it forward:2000,https://boxd.it/1VJI,Pay It Forward,2000,True,,,
pearl:2022,https://boxd.it/zPbe,Pearl,2022,True,4.0,2026-08-10,
peeping tom:1960,https://boxd.it/1Utk,Peeping Tom,1960,True,4.0,2026-06-15,
peppermint candy:1999,https://boxd.it/ZQc,Peppermint Candy,1999,True,4.5,2026-06-23,
persona:1966,https://boxd.it/29B4,Persona,1966,True,5.0,2025-11-04,
persona:2018,https://boxd.it/nBOM,Persona,2018,True,4.5,,
phantom thread:2017,https://boxd.it/e4uc,Phantom Thread,2017,True,5.0,2025-12-23,
phir bhi dil hai hindustani:2000,https://boxd.it/3mxG,Phir Bhi Dil Hai Hindustani,2000,True,,,
pi:1998,https://boxd.it/2ajq,Pi,1998,True,,,
pillion:2025,https://boxd.it/N6Pw,Pillion,2025,True,3.5,2026-02-25,
pineapple express:2008,https://boxd.it/1WRS,Pineapple Express,2008,True,,,
pink:2016,https://boxd.it/eEQo,Pink,2016,True,,,
pink flamingos:1972,https://boxd.it/29NO,Pink Flamingos,1972,True,4.0,2026-04-16,
pink floyd: the wall:1982,https://boxd.it/1Sxk,Pink Floyd: The Wall,1982,True,,,
pirates of the caribbean: at world's end:2007,https://boxd.it/2aGu,Pirates of the Caribbean: At World's End,2007,True,,,
pirates of the caribbean: dead man's chest:2006,https://boxd.it/2bfk,Pirates of the Caribbean: Dead Man's Chest,2006,True,,,
pirates of the caribbean: on stranger tides:2011,https://boxd.it/27Z4,Pirates of the Caribbean: On Stranger Tides,2011,True,,,
pirates of the caribbean: the curse of the black pearl:2003,https://boxd.it/70G,Pirates of the Caribbean: The Curse of the Black Pearl,2003,True,,,
playtime:1967,https://boxd.it/1WLK,PlayTime,1967,True,4.5,2025-11-16,
polytechnique:2009,https://boxd.it/1AMG,Polytechnique,2009,True,3.5,2026-05-25,
poor things:2023,https://boxd.it/tNWU,Poor Things,2023,True,5.0,,
portrait of a lady on fire:2019,https://boxd.it/jkPq,Portrait of a Lady on Fire,2019,True,4.5,2026-05-29,
possession:1981,https://boxd.it/1BPm,Possession,1981,True,5.0,2025-09-29,
possibly in michigan:1983,https://boxd.it/aXA2,Possibly in Michigan,1983,True,3.5,2026-05-13,
post tenebras lux:2012,https://boxd.it/3wTs,Post Tenebras Lux,2012,True,3.0,2026-06-25,
predestination:2014,https://boxd.it/6bJM,Predestination,2014,True,,,
pride & prejudice:2005,https://boxd.it/24u8,Pride & Prejudice,2005,True,,,
primal fear:1996,https://boxd.it/28ws,Primal Fear,1996,True,4.0,,
primer:2004,https://boxd.it/6YA,Primer,2004,True,4.5,,
prisoners:2013,https://boxd.it/4E5i,Prisoners,2013,True,,,
project hail mary:2026,https://boxd.it/pEeQ,Project Hail Mary,2026,True,3.5,2026-04-12,
psycho:1960,https://boxd.it/2ab2,Psycho,1960,True,,,
pulp fiction:1994,https://boxd.it/29Pq,Pulp Fiction,1994,True,4.5,,
punch-drunk love:2002,https://boxd.it/20E4,Punch-Drunk Love,2002,True,5.0,2025-09-21,
pusher:1996,https://boxd.it/27wG,Pusher,1996,True,4.0,2026-04-14,
pusher ii:2004,https://boxd.it/1U7y,Pusher II,2004,True,3.5,2026-04-29,
pusher iii:2005,https://boxd.it/1U7e,Pusher III,2005,True,4.5,2026-05-06,
pyaar kiya to darna kya:1998,https://boxd.it/PiE,Pyaar Kiya To Darna Kya,1998,True,,,
raajneeti:2010,https://boxd.it/177u,Raajneeti,2010,True,,,
raging bull:1980,https://boxd.it/28yI,Raging Bull,1980,True,4.5,,
rain man:1988,https://boxd.it/2avw,Rain Man,1988,True,4.0,,
ran:1985,https://boxd.it/1Tlu,Ran,1985,True,5.0,2026-02-12,
rashomon:1950,https://boxd.it/2a9K,Rashomon,1950,True,4.0,2025-11-07,
ready:2011,https://boxd.it/2la,Ready,2011,True,,,
rear window:1954,https://boxd.it/2a6Q,Rear Window,1954,True,4.5,2026-04-10,
red beard:1965,https://boxd.it/251m,Red Beard,1965,True,5.0,2026-05-16,
red dragon:2002,https://boxd.it/1Yrs,Red Dragon,2002,True,,,
red eye:2005,https://boxd.it/1TNy,Red Eye,2005,True,3.0,2025-04-03,
rehnaa hai terre dil mein:2001,https://boxd.it/NdW,Rehnaa Hai Terre Dil Mein,2001,True,,,
repulsion:1965,https://boxd.it/1TKu,Repulsion,1965,True,5.0,2025-11-30,I'll get her some brandy.
requiem for a dream:2000,https://boxd.it/29VI,Requiem for a Dream,2000,True,5.0,,
reservoir dogs:1992,https://boxd.it/2agc,Reservoir Dogs,1992,True,4.5,,
return of the jedi:1983,https://boxd.it/27Vm,Return of the Jedi,1983,True,,,
revolutionary road:2008,https://boxd.it/24Le,Revolutionary Road,2008,True,4.0,,
ricky gervais: armageddon:2023,https://boxd.it/JQgE,Ricky Gervais: Armageddon,2023,True,,,
ricky gervais: humanity:2018,https://boxd.it/ipiO,Ricky Gervais: Humanity,2018,True,,,
ricky gervais: supernature:2022,https://boxd.it/AKvK,Ricky Gervais: SuperNature,2022,True,,,
risky business:1983,https://boxd.it/1YUE,Risky Business,1983,True,,,
rocket singh: salesman of the year:2009,https://boxd.it/1t7m,Rocket Singh: Salesman of the Year,2009,True,,,
rogue one: a star wars story:2016,https://boxd.it/aPvy,Rogue One: A Star Wars Story,2016,True,,,
room in rome:2010,https://boxd.it/HX0,Room in Rome,2010,True,,,
rope:1948,https://boxd.it/28yo,Rope,1948,True,5.0,2026-06-28,
rosemary's baby:1968,https://boxd.it/29zM,Rosemary's Baby,1968,True,5.0,,
run:2020,https://boxd.it/jVM4,Run,2020,True,3.0,2025-03-29,
rush:2013,https://boxd.it/3lyS,Rush,2013,True,,,
russian ark:2002,https://boxd.it/1JQM,Russian Ark,2002,True,4.0,,
saathiya:2002,https://boxd.it/1D6I,Saathiya,2002,True,,,
"salò, or the 120 days of sodom:1975",https://boxd.it/237s,"Salò, or the 120 Days of Sodom",1975,True,3.5,2025-09-10,"My film shows the sinister connection between consumerism and Nazism. I think that consumerism manipulates and violates bodies neither more nor less than Nazism.

- Pier Paolo Pasolini"
sanjuro:1962,https://boxd.it/1TaQ,Sanjuro,1962,True,3.5,2025-12-28,
saving private ryan:1998,https://boxd.it/29ro,Saving Private Ryan,1998,True,4.0,,
saw:2004,https://boxd.it/2aWW,Saw,2004,True,4.0,,
saw ii:2005,https://boxd.it/2aRs,Saw II,2005,True,,,
saw iii:2006,https://boxd.it/2aRC,Saw III,2006,True,,,
saw iv:2007,https://boxd.it/29Sa,Saw IV,2007,True,,,
saw v:2008,https://boxd.it/1SMa,Saw V,2008,True,,,
saw vi:2009,https://boxd.it/1A2y,Saw VI,2009,True,,,
scandal:1950,https://boxd.it/1gG4,Scandal,1950,True,3.5,2025-11-06,
scarface:1932,https://boxd.it/29oa,Scarface,1932,True,,,
scarface:1983,https://boxd.it/2b7g,Scarface,1983,True,5.0,,
scenes from a marriage:1974,https://boxd.it/4kJC,Scenes from a Marriage,1974,True,4.5,2026-02-18,
scent of a woman:1992,https://boxd.it/1YAu,Scent of a Woman,1992,True,4.0,,
schindler's list:1993,https://boxd.it/2aq2,Schindler's List,1993,True,4.5,,
se7en:1995,https://boxd.it/29zs,Se7en,1995,True,4.0,,
seconds:1966,https://boxd.it/1Dbe,Seconds,1966,True,4.5,2026-08-06,
secret sunshine:2007,https://boxd.it/27CY,Secret Sunshine,2007,True,4.5,2026-06-19,
secrets & lies:1996,https://boxd.it/1UuC,Secrets & Lies,1996,True,4.5,2026-06-29,
sense and sensibility:1995,https://boxd.it/244E,Sense and Sensibility,1995,True,,,
sentimental value:2025,https://boxd.it/GwcG,Sentimental Value,2025,True,4.5,2025-12-29,
serpico:1973,https://boxd.it/1ZjE,Serpico,1973,True,,,
seven samurai:1954,https://boxd.it/2axi,Seven Samurai,1954,True,5.0,2025-11-19,
shadows:1958,https://boxd.it/1M9c,Shadows,1958,True,3.5,2025-11-21,
shadows in paradise:1986,https://boxd.it/73A,Shadows in Paradise,1986,True,4.5,2025-12-17,
shane gillis: beautiful dogs:2023,https://boxd.it/Ijri,Shane Gillis: Beautiful Dogs,2023,True,3.0,,
sherlock holmes: a game of shadows:2011,https://boxd.it/k3S,Sherlock Holmes: A Game of Shadows,2011,True,,,
sholay:1975,https://boxd.it/1Saq,Sholay,1975,True,,,
shoplifters:2018,https://boxd.it/ifY6,Shoplifters,2018,True,4.0,2026-02-23,
shutter island:2010,https://boxd.it/1U82,Shutter Island,2010,True,4.5,,
silence:2016,https://boxd.it/2cAo,Silence,2016,True,4.5,,
silent hill:2006,https://boxd.it/2a3C,Silent Hill,2006,True,,,
silver linings playbook:2012,https://boxd.it/2TTo,Silver Linings Playbook,2012,True,,,
singham:2011,https://boxd.it/2t9a,Singham,2011,True,,,
sinners:2025,https://boxd.it/KQMM,Sinners,2025,True,4.5,2025-09-14,
sirāt:2025,https://boxd.it/HxJo,Sirāt,2025,True,4.5,2026-01-04,How Gaspar Noé would have made Fury Road
sixteen candles:1984,https://boxd.it/1MJk,Sixteen Candles,1984,True,,,
skins:2017,https://boxd.it/fsVI,Skins,2017,True,2.5,2025-04-28,
skyfall:2012,https://boxd.it/17Fc,Skyfall,2012,True,,,
sleepy hollow:1999,https://boxd.it/26u0,Sleepy Hollow,1999,True,,,
snake in the eagle's shadow:1978,https://boxd.it/1TC6,Snake in the Eagle's Shadow,1978,True,,,
snatch:2000,https://boxd.it/2b7U,Snatch,2000,True,,,
snowden:2016,https://boxd.it/9CWO,Snowden,2016,True,,,
snowpiercer:2013,https://boxd.it/3Icg,Snowpiercer,2013,True,4.0,2025-02-06,
solaris:1972,https://boxd.it/2a2Y,Solaris,1972,True,,,
solo: a star wars story:2018,https://boxd.it/bGWs,Solo: A Star Wars Story,2018,True,,,
some like it hot:1959,https://boxd.it/2aNA,Some Like It Hot,1959,True,4.5,2026-04-30,
something borrowed:2011,https://boxd.it/H3Q,Something Borrowed,2011,True,,,
something's gotta give:2003,https://boxd.it/21gC,Something's Gotta Give,2003,True,,,
sooryavansham:1999,https://boxd.it/5QWK,Sooryavansham,1999,True,,,
sorry to bother you:2018,https://boxd.it/f21E,Sorry to Bother You,2018,True,3.5,2026-04-06,
"sorry, baby:2025",https://boxd.it/JKNi,"Sorry, Baby",2025,True,4.0,2026-01-05,
sound of falling:2025,https://boxd.it/Km9K,Sound of Falling,2025,True,4.5,2026-03-26,
sound of metal:2019,https://boxd.it/i7Q4,Sound of Metal,2019,True,4.0,2026-08-23,
special 26:2013,https://boxd.it/59fS,Special 26,2013,True,,,
speed:1994,https://boxd.it/28qk,Speed,1994,True,,,
spider-man:2002,https://boxd.it/2a8i,Spider-Man,2002,True,,,
spirited away:2001,https://boxd.it/2b4m,Spirited Away,2001,True,,,
split:2016,https://boxd.it/dgSy,Split,2016,True,,,
spotlight:2015,https://boxd.it/a84k,Spotlight,2015,True,4.0,2025-09-13,
squid game:2021,https://boxd.it/x1OG,Squid Game,2021,True,3.5,,
stalker:1979,https://boxd.it/28PO,Stalker,1979,True,4.5,2026-01-12,
star wars:1977,https://boxd.it/72s,Star Wars,1977,True,,,
star wars: episode i – the phantom menace:1999,https://boxd.it/27Vc,Star Wars: Episode I – The Phantom Menace,1999,True,,,
star wars: episode ii – attack of the clones:2002,https://boxd.it/27V2,Star Wars: Episode II – Attack of the Clones,2002,True,,,
star wars: episode iii – revenge of the sith:2005,https://boxd.it/27US,Star Wars: Episode III – Revenge of the Sith,2005,True,,,
star wars: the force awakens:2015,https://boxd.it/4vru,Star Wars: The Force Awakens,2015,True,,,
star wars: the last jedi:2017,https://boxd.it/5xme,Star Wars: The Last Jedi,2017,True,,,
star wars: the rise of skywalker:2019,https://boxd.it/5xlK,Star Wars: The Rise of Skywalker,2019,True,,,
stranger than paradise:1984,https://boxd.it/2ajU,Stranger Than Paradise,1984,True,4.0,2026-03-03,
straw dogs:1971,https://boxd.it/2982,Straw Dogs,1971,True,,,
student of the year:2012,https://boxd.it/4rkY,Student Of The Year,2012,True,0.5,,
suicide squad:2016,https://boxd.it/9row,Suicide Squad,2016,True,1.0,,
sunset boulevard:1950,https://boxd.it/2a20,Sunset Boulevard,1950,True,5.0,2026-03-21,
superbad:2007,https://boxd.it/20hO,Superbad,2007,True,,,
suspiria:1977,https://boxd.it/1SNW,Suspiria,1977,True,3.5,2026-03-21,
"synecdoche, new york:2008",https://boxd.it/23zw,"Synecdoche, New York",2008,True,5.0,,
t2 trainspotting:2017,https://boxd.it/5vTA,T2 Trainspotting,2017,True,2.0,,
taken 3:2014,https://boxd.it/7Iqq,Taken 3,2014,True,,,
tampopo:1985,https://boxd.it/1SZe,Tampopo,1985,True,3.5,2026-03-10,
tangerine:2015,https://boxd.it/9QRe,Tangerine,2015,True,4.5,2026-02-09,
taxi driver:1976,https://boxd.it/2b8y,Taxi Driver,1976,True,5.0,2025-12-09,
ted:2012,https://boxd.it/2pgc,Ted,2012,True,,,
tees maar khan:2010,https://boxd.it/O5Y,Tees Maar Khan,2010,True,,,
teeth:2007,https://boxd.it/1QMM,Teeth,2007,True,,,
tenet:2020,https://boxd.it/leq4,Tenet,2020,True,3.0,2026-07-26,
the 40 year old virgin:2005,https://boxd.it/21hK,The 40 Year Old Virgin,2005,True,,,
the age of innocence:1993,https://boxd.it/1WgM,The Age of Innocence,1993,True,,,
the amityville horror:2005,https://boxd.it/1Xb4,The Amityville Horror,2005,True,,,
the apartment:1960,https://boxd.it/2aGE,The Apartment,1960,True,5.0,2026-04-13,"A classic! I mean writingwise, actingwise, comedywise."
the aviator:2004,https://boxd.it/26BU,The Aviator,2004,True,4.0,,
the bad sleep well:1960,https://boxd.it/1iLA,The Bad Sleep Well,1960,True,5.0,2026-04-25,
the banshees of inisherin:2022,https://boxd.it/p7XS,The Banshees of Inisherin,2022,True,4.0,2025-09-17,
the batman:2022,https://boxd.it/eDGs,The Batman,2022,True,3.5,2026-02-21,
the battle of algiers:1966,https://boxd.it/1IRY,The Battle of Algiers,1966,True,4.5,2026-03-23,
the beach:2000,https://boxd.it/27T6,The Beach,2000,True,,,
the big lebowski:1998,https://boxd.it/2b6C,The Big Lebowski,1998,True,4.0,,
the big short:2015,https://boxd.it/ajZw,The Big Short,2015,True,,,
the blair witch project:1999,https://boxd.it/26ua,The Blair Witch Project,1999,True,3.5,,
the blue trail:2025,https://boxd.it/IrKi,The Blue Trail,2025,True,4.5,2026-01-09,
the boy in the striped pyjamas:2008,https://boxd.it/1NOK,The Boy in the Striped Pyjamas,2008,True,4.5,,
the bridges of madison county:1995,https://boxd.it/29Os,The Bridges of Madison County,1995,True,,,
the brown bunny:2003,https://boxd.it/1RnI,The Brown Bunny,2003,True,3.5,2025-09-20,
the brutalist:2024,https://boxd.it/k4BO,The Brutalist,2024,True,4.5,2025-12-14,
the bucket list:2007,https://boxd.it/20Ye,The Bucket List,2007,True,,,
the butterfly effect:2004,https://boxd.it/27M0,The Butterfly Effect,2004,True,,,
the cabin in the woods:2011,https://boxd.it/1zOc,The Cabin in the Woods,2011,True,,,
the celebration:1998,https://boxd.it/2aCM,The Celebration,1998,True,4.5,2026-05-20,
the color of money:1986,https://boxd.it/1SSM,The Color of Money,1986,True,3.5,2025-10-17,
the color of pomegranates:1969,https://boxd.it/1u94,The Color of Pomegranates,1969,True,3.0,2026-03-22,
the conformist:1970,https://boxd.it/20cE,The Conformist,1970,True,4.0,2025-11-05,
the conjuring:2013,https://boxd.it/4sr2,The Conjuring,2013,True,,,
the conversation:1974,https://boxd.it/2a38,The Conversation,1974,True,,,
the cremator:1969,https://boxd.it/1H8y,The Cremator,1969,True,5.0,2026-03-28,
the crush:1993,https://boxd.it/1fy4,The Crush,1993,True,,,
the curious case of benjamin button:2008,https://boxd.it/23Fk,The Curious Case of Benjamin Button,2008,True,,,
the da vinci code:2006,https://boxd.it/2a3i,The Da Vinci Code,2006,True,,,
the danish girl:2015,https://boxd.it/9Ohy,The Danish Girl,2015,True,4.0,,
the dark knight:2008,https://boxd.it/2b0k,The Dark Knight,2008,True,4.5,2026-07-22,
the dark knight rises:2012,https://boxd.it/H3m,The Dark Knight Rises,2012,True,3.5,2026-07-23,
the deer hunter:1978,https://boxd.it/1T6O,The Deer Hunter,1978,True,,,
the departed:2006,https://boxd.it/28MA,The Departed,2006,True,4.0,,
the devil:1972,https://boxd.it/3iRC,The Devil,1972,True,3.5,2025-11-27,
the devil wears prada:2006,https://boxd.it/2awE,The Devil Wears Prada,2006,True,,,
the devil's advocate:1997,https://boxd.it/286k,The Devil's Advocate,1997,True,4.0,,
the dictator:2012,https://boxd.it/2DEW,The Dictator,2012,True,,,
the double life of véronique:1991,https://boxd.it/28va,The Double Life of Véronique,1991,True,4.0,,
the drama:2026,https://boxd.it/OA2w,The Drama,2026,True,3.0,2026-08-08,
the elephant man:1980,https://boxd.it/27LQ,The Elephant Man,1980,True,,,
the empire strikes back:1980,https://boxd.it/27Vw,The Empire Strikes Back,1980,True,,,
the exorcism of emily rose:2005,https://boxd.it/200I,The Exorcism of Emily Rose,2005,True,3.5,,
the exorcist:1973,https://boxd.it/1Yoo,The Exorcist,1973,True,,,
the expendables:2010,https://boxd.it/1rtA,The Expendables,2010,True,,,
the face of another:1966,https://boxd.it/1nso,The Face of Another,1966,True,4.0,2026-06-09,
the falling:2014,https://boxd.it/9jPE,The Falling,2014,True,,,
the fast and the furious:2001,https://boxd.it/1XMu,The Fast and the Furious,2001,True,,,
the fast and the furious: tokyo drift:2006,https://boxd.it/1Yeo,The Fast and the Furious: Tokyo Drift,2006,True,4.0,,
the fault in our stars:2014,https://boxd.it/6BQa,The Fault in Our Stars,2014,True,2.0,,
the favourite:2018,https://boxd.it/d2hI,The Favourite,2018,True,4.0,2025-09-05,
the firm:1993,https://boxd.it/18JY,The Firm,1993,True,3.5,,
the game:1997,https://boxd.it/26vC,The Game,1997,True,,,
the girl next door:2004,https://boxd.it/1VSq,The Girl Next Door,2004,True,,,
the godfather:1972,https://boxd.it/2aNK,The Godfather,1972,True,5.0,,
the godfather part ii:1974,https://boxd.it/2aNq,The Godfather Part II,1974,True,5.0,,
the godfather part iii:1990,https://boxd.it/2aN6,The Godfather Part III,1990,True,4.0,,
"the good, the bad and the ugly:1966",https://boxd.it/2ape,"The Good, the Bad and the Ugly",1966,True,4.5,,
the graduate:1967,https://boxd.it/18Im,The Graduate,1967,True,4.0,,
the grand budapest hotel:2014,https://boxd.it/3ZqO,The Grand Budapest Hotel,2014,True,,,
the great gatsby:2013,https://boxd.it/JY,The Great Gatsby,2013,True,,,
the green mile:1999,https://boxd.it/2agG,The Green Mile,1999,True,,,
the grudge:2004,https://boxd.it/27Jq,The Grudge,2004,True,4.0,,
the grudge 2:2006,https://boxd.it/27IW,The Grudge 2,2006,True,,,
the grudge 3:2009,https://boxd.it/27IC,The Grudge 3,2009,True,,,
the handmaiden:2016,https://boxd.it/948A,The Handmaiden,2016,True,5.0,2025-12-14,
the hateful eight:2015,https://boxd.it/8gw8,The Hateful Eight,2015,True,,,
the holdovers:2023,https://boxd.it/vHza,The Holdovers,2023,True,4.0,,
the holy mountain:1973,https://boxd.it/20mu,The Holy Mountain,1973,True,5.0,2026-06-20,
the hours:2002,https://boxd.it/2a3s,The Hours,2002,True,,,
the house that jack built:2018,https://boxd.it/dWO4,The House That Jack Built,2018,True,4.0,2025-11-20,
the human condition i: no greater love:1959,https://boxd.it/1jAy,The Human Condition I: No Greater Love,1959,True,4.5,2026-07-29,
the human condition ii: road to eternity:1959,https://boxd.it/1dJa,The Human Condition II: Road to Eternity,1959,True,5.0,2026-07-30,
the human condition iii: a soldier's prayer:1961,https://boxd.it/1dIQ,The Human Condition III: A Soldier's Prayer,1961,True,5.0,2026-07-31,
the hunt:2012,https://boxd.it/3wEC,The Hunt,2012,True,4.5,2026-03-21,
the idiots:1998,https://boxd.it/2amu,The Idiots,1998,True,5.0,2025-12-25,
the imitation game:2014,https://boxd.it/6aig,The Imitation Game,2014,True,,,
the interview:2014,https://boxd.it/6KQ4,The Interview,2014,True,,,
the invite:2026,https://boxd.it/zRNY,The Invite,2026,True,4.5,2026-08-21,
the irishman:2019,https://boxd.it/dYOq,The Irishman,2019,True,4.0,,
the irishman: in conversation:2019,https://boxd.it/odsY,The Irishman: In Conversation,2019,True,,,
the karate kid:2010,https://boxd.it/15HA,The Karate Kid,2010,True,,,
the killing of a sacred deer:2017,https://boxd.it/dZ5G,The Killing of a Sacred Deer,2017,True,4.0,,
the king of comedy:1982,https://boxd.it/2aJS,The King of Comedy,1982,True,,,
the king's speech:2010,https://boxd.it/dX0,The King's Speech,2010,True,3.5,,
the last king of scotland:2006,https://boxd.it/28FE,The Last King of Scotland,2006,True,,,
the last temptation of christ:1988,https://boxd.it/1ULe,The Last Temptation of Christ,1988,True,4.0,2026-03-17,
the legend of bhagat singh:2002,https://boxd.it/1iU8,The Legend of Bhagat Singh,2002,True,,,
the lighthouse:2019,https://boxd.it/icFU,The Lighthouse,2019,True,5.0,2025-10-06,
the lincoln lawyer:2011,https://boxd.it/DRM,The Lincoln Lawyer,2011,True,,,
the lives of others:2006,https://boxd.it/2a4A,The Lives of Others,2006,True,4.0,,
the lobster:2015,https://boxd.it/7tnw,The Lobster,2015,True,4.5,2025-02-12,
the long goodbye:1973,https://boxd.it/281O,The Long Goodbye,1973,True,4.5,2025-09-17,
the lord of the rings: the fellowship of the ring:2001,https://boxd.it/2b5O,The Lord of the Rings: The Fellowship of the Ring,2001,True,4.5,,
the lord of the rings: the return of the king:2003,https://boxd.it/2b5u,The Lord of the Rings: The Return of the King,2003,True,4.5,,
the lord of the rings: the two towers:2002,https://boxd.it/2b5E,The Lord of the Rings: The Two Towers,2002,True,5.0,,
the machinist:2004,https://boxd.it/248c,The Machinist,2004,True,4.0,2025-09-23,
the man who wasn't there:2001,https://boxd.it/1Vqc,The Man Who Wasn't There,2001,True,4.5,2026-08-11,
the man from earth:2007,https://boxd.it/1Ql2,The Man from Earth,2007,True,4.0,2026-08-14,
the manchurian candidate:1962,https://boxd.it/299Y,The Manchurian Candidate,1962,True,3.5,2026-08-01,
the many saints of newark:2021,https://boxd.it/j356,The Many Saints of Newark,2021,True,3.0,,
the martian:2015,https://boxd.it/8SeG,The Martian,2015,True,3.0,,
the master:2012,https://boxd.it/2cBG,The Master,2012,True,5.0,2025-09-08,
the match factory girl:1990,https://boxd.it/20Je,The Match Factory Girl,1990,True,4.0,2025-12-20,
the matrix:1999,https://boxd.it/2a1m,The Matrix,1999,True,4.0,,
the matrix reloaded:2003,https://boxd.it/2a1c,The Matrix Reloaded,2003,True,,,
the matrix revolutions:2003,https://boxd.it/2a12,The Matrix Revolutions,2003,True,,,
the midnight meat train:2008,https://boxd.it/1WSw,The Midnight Meat Train,2008,True,3.0,,
the most hated woman in america:2017,https://boxd.it/e7fE,The Most Hated Woman in America,2017,True,3.0,,
the motorcycle diaries:2004,https://boxd.it/28nU,The Motorcycle Diaries,2004,True,5.0,2026-05-11,
the mummy:1999,https://boxd.it/2a7a,The Mummy,1999,True,,,
the night of the hunter:1955,https://boxd.it/25HW,The Night of the Hunter,1955,True,4.5,2026-08-16,
the northman:2022,https://boxd.it/nK2s,The Northman,2022,True,3.5,2026-07-05,
the notebook:2004,https://boxd.it/1UNE,The Notebook,2004,True,,,
the number 23:2007,https://boxd.it/258C,The Number 23,2007,True,3.5,,
the odyssey:2026,https://boxd.it/QFQU,The Odyssey,2026,True,4.5,2026-07-28,
the omen:2006,https://boxd.it/29zC,The Omen,2006,True,,,
the one:2001,https://boxd.it/1Vni,The One,2001,True,,,
the panic in needle park:1971,https://boxd.it/1rwu,The Panic in Needle Park,1971,True,4.0,,
the passion of joan of arc:1928,https://boxd.it/29DO,The Passion of Joan of Arc,1928,True,4.5,2026-03-08,Perfect film to watch on Women's Day.
the perfect neighbor:2025,https://boxd.it/RSG6,The Perfect Neighbor,2025,True,4.0,2026-03-27,
the perks of being a wallflower:2012,https://boxd.it/2ZA8,The Perks of Being a Wallflower,2012,True,,,
the pianist:2002,https://boxd.it/2aqc,The Pianist,2002,True,,,
the piano:1993,https://boxd.it/29Kq,The Piano,1993,True,4.0,2026-02-24,
the piano teacher:2001,https://boxd.it/2886,The Piano Teacher,2001,True,5.0,2025-09-25,
the platform:2019,https://boxd.it/mUm6,The Platform,2019,True,4.5,,
the player:1992,https://boxd.it/1WlM,The Player,1992,True,4.0,2026-05-03,
the prestige:2006,https://boxd.it/293w,The Prestige,2006,True,4.5,2026-07-22,
the pursuit of happyness:2006,https://boxd.it/28PE,The Pursuit of Happyness,2006,True,3.5,,
the reader:2008,https://boxd.it/20Dq,The Reader,2008,True,3.5,,
the red shoes:1948,https://boxd.it/1EXI,The Red Shoes,1948,True,5.0,2026-06-12,
the remains of the day:1993,https://boxd.it/291A,The Remains of the Day,1993,True,,,
the revenant:2015,https://boxd.it/8H5e,The Revenant,2015,True,3.5,,
the ring:2002,https://boxd.it/2a70,The Ring,2002,True,,,
the room:2003,https://boxd.it/1ICY,The Room,2003,True,,,
the score:2001,https://boxd.it/1U0C,The Score,2001,True,,,
the searchers:1956,https://boxd.it/25HC,The Searchers,1956,True,3.0,2026-06-10,
the secret agent:2025,https://boxd.it/KkUE,The Secret Agent,2025,True,4.0,2026-01-21,
the secret life of walter mitty:2013,https://boxd.it/3SWy,The Secret Life of Walter Mitty,2013,True,,,
the seventh continent:1989,https://boxd.it/1gB4,The Seventh Continent,1989,True,4.0,2025-12-28,
the seventh seal:1957,https://boxd.it/2ahO,The Seventh Seal,1957,True,4.5,2026-02-02,Too optimistic by the end. Gotta watch again.
the shawshank redemption:1994,https://boxd.it/2aHi,The Shawshank Redemption,1994,True,,,
the shining:1980,https://boxd.it/29Nu,The Shining,1980,True,5.0,,
the silence of the lambs:1991,https://boxd.it/2aHW,The Silence of the Lambs,1991,True,4.5,,
the sixth sense:1999,https://boxd.it/29Js,The Sixth Sense,1999,True,,,
the social network:2010,https://boxd.it/17ue,The Social Network,2010,True,,,
the stepford wives:1975,https://boxd.it/1Sfq,The Stepford Wives,1975,True,5.0,2026-07-03,
the substance:2024,https://boxd.it/zanS,The Substance,2024,True,4.0,2025-07-07,
the tenant:1976,https://boxd.it/1TKk,The Tenant,1976,True,4.5,2026-05-28,
the texas chainsaw massacre:2003,https://boxd.it/1YQs,The Texas Chainsaw Massacre,2003,True,,,
the theory of everything:2014,https://boxd.it/7YtA,The Theory of Everything,2014,True,,,
the third man:1949,https://boxd.it/294E,The Third Man,1949,True,4.5,2026-05-15,
the town:2010,https://boxd.it/1zyS,The Town,2010,True,,,
the train:1964,https://boxd.it/25lm,The Train,1964,True,4.5,2026-08-03,"Beautiful cinematography. 
Could be perfect if not for English."
the transporter:2002,https://boxd.it/24Nu,The Transporter,2002,True,,,
the truman show:1998,https://boxd.it/18U8,The Truman Show,1998,True,5.0,,
the turin horse:2011,https://boxd.it/2Qsk,The Turin Horse,2011,True,5.0,2026-08-13,
the two popes:2019,https://boxd.it/k8Xk,The Two Popes,2019,True,,,
the untouchables:1987,https://boxd.it/2b6i,The Untouchables,1987,True,,,
the usual suspects:1995,https://boxd.it/29XE,The Usual Suspects,1995,True,,,
the vanishing:1988,https://boxd.it/1ZTW,The Vanishing,1988,True,4.0,2026-03-18,
the voice of hind rajab:2025,https://boxd.it/UXdO,The Voice of Hind Rajab,2025,True,4.0,2026-03-15,
the wailing:2016,https://boxd.it/9fLy,The Wailing,2016,True,4.5,2026-02-11,
the white ribbon:2009,https://boxd.it/17eU,The White Ribbon,2009,True,5.0,2025-10-10,
the white tiger:2021,https://boxd.it/nhg6,The White Tiger,2021,True,3.0,,
the wicker man:1973,https://boxd.it/1KnG,The Wicker Man,1973,True,4.0,2025-11-16,
the wild pear tree:2018,https://boxd.it/eMtM,The Wild Pear Tree,2018,True,5.0,2026-08-07,
the wind that shakes the barley:2006,https://boxd.it/293Q,The Wind That Shakes the Barley,2006,True,4.0,2026-05-19,
the witch:2015,https://boxd.it/9X0m,The Witch,2015,True,4.0,2025-10-07,
the wolf of wall street:2013,https://boxd.it/3C1m,The Wolf of Wall Street,2013,True,4.5,,
the woman in black:2012,https://boxd.it/4wu,The Woman in Black,2012,True,,,
the woman in the window:2021,https://boxd.it/iT56,The Woman in the Window,2021,True,2.5,2025-04-01,
the zone of interest:2023,https://boxd.it/gJsA,The Zone of Interest,2023,True,5.0,,
there will be blood:2007,https://boxd.it/20Z2,There Will Be Blood,2007,True,5.0,,
threads:1984,https://boxd.it/1I0g,Threads,1984,True,4.0,2026-05-30,
three colours: blue:1993,https://boxd.it/2b7K,Three Colours: Blue,1993,True,,,
throne of blood:1957,https://boxd.it/251w,Throne of Blood,1957,True,4.0,2025-12-01,
time of the wolf:2003,https://boxd.it/1y7w,Time of the Wolf,2003,True,3.5,2026-01-13,
titane:2021,https://boxd.it/nlQC,Titane,2021,True,4.5,2026-02-26,
titanic:1997,https://boxd.it/2a2k,Titanic,1997,True,,,
tokyo godfathers:2003,https://boxd.it/1Qg2,Tokyo Godfathers,2003,True,4.5,2025-12-24,
tokyo sonata:2008,https://boxd.it/1ZxQ,Tokyo Sonata,2008,True,5.0,2025-11-28,
touki bouki:1973,https://boxd.it/2H44,Touki Bouki,1973,True,3.5,2026-07-10,
train dreams:2025,https://boxd.it/LdDo,Train Dreams,2025,True,4.0,2025-12-30,
training day:2001,https://boxd.it/27A4,Training Day,2001,True,3.5,2023-03-01,
trainspotting:1996,https://boxd.it/29XY,Trainspotting,1996,True,5.0,,
transformers:2007,https://boxd.it/280c,Transformers,2007,True,,,
triangle of sadness:2022,https://boxd.it/hXlq,Triangle of Sadness,2022,True,4.0,2026-03-01,
tropic thunder:2008,https://boxd.it/20WM,Tropic Thunder,2008,True,,,
troy:2004,https://boxd.it/29TW,Troy,2004,True,,,
true grit:2010,https://boxd.it/Sog,True Grit,2010,True,3.5,2026-08-17,
tumbbad:2018,https://boxd.it/jDZk,Tumbbad,2018,True,5.0,,
twelve monkeys:1995,https://boxd.it/2beQ,Twelve Monkeys,1995,True,4.0,,
twin peaks:1989,https://boxd.it/g8pk,Twin Peaks,1989,True,5.0,,
twin peaks: fire walk with me:1992,https://boxd.it/27Qw,Twin Peaks: Fire Walk with Me,1992,True,,,
twin peaks: the return:2017,https://boxd.it/hN9O,Twin Peaks: The Return,2017,True,,,
tár:2022,https://boxd.it/uNIA,TÁR,2022,True,4.5,2026-04-24,
udaan:2010,https://boxd.it/PPe,Udaan,2010,True,4.5,,
uncle boonmee who can recall his past lives:2010,https://boxd.it/168Q,Uncle Boonmee Who Can Recall His Past Lives,2010,True,3.0,2026-05-07,
uncut gems:2019,https://boxd.it/gXGc,Uncut Gems,2019,True,4.5,2025-10-28,
under the skin:2013,https://boxd.it/3mDa,Under the Skin,2013,True,4.0,2026-02-21,
unforgiven:1992,https://boxd.it/6Z4,Unforgiven,1992,True,,,
v for vendetta:2005,https://boxd.it/29Ik,V for Vendetta,2005,True,4.0,,
vaastav:1999,https://boxd.it/4E8G,Vaastav,1999,True,,,
vanilla sky:2001,https://boxd.it/27TK,Vanilla Sky,2001,True,3.5,,
venom:2018,https://boxd.it/b8wA,Venom,2018,True,1.0,,
vera drake:2004,https://boxd.it/1UCm,Vera Drake,2004,True,4.5,2026-07-06,
vertigo:1958,https://boxd.it/2apI,Vertigo,1958,True,,,
vicky cristina barcelona:2008,https://boxd.it/23rW,Vicky Cristina Barcelona,2008,True,3.5,,
vicky donor:2012,https://boxd.it/3vYm,Vicky Donor,2012,True,,,
victoria:2015,https://boxd.it/amSe,Victoria,2015,True,5.0,2026-05-31,
videodrome:1983,https://boxd.it/29uC,Videodrome,1983,True,4.0,2025-12-14,
viridiana:1961,https://boxd.it/24eE,Viridiana,1961,True,4.5,2026-03-24,
vortex:2021,https://boxd.it/uoni,Vortex,2021,True,4.5,2026-03-31,
wall·e:2008,https://boxd.it/1VEo,WALL·E,2008,True,,,
wanted:2008,https://boxd.it/1ZBS,Wanted,2008,True,,,
wanted:2009,https://boxd.it/1Aa8,Wanted,2009,True,,,
waqt:2005,https://boxd.it/1jgo,Waqt,2005,True,,,
weapons:2025,https://boxd.it/EMTM,Weapons,2025,True,4.0,2025-09-28,
welcome:2007,https://boxd.it/1DLc,Welcome,2007,True,,,
werckmeister harmonies:2000,https://boxd.it/1zzw,Werckmeister Harmonies,2000,True,4.0,2026-02-08,
what happened was...:1994,https://boxd.it/2WAk,What Happened Was...,1994,True,5.0,2026-03-02,
what's eating gilbert grape:1993,https://boxd.it/28xg,What's Eating Gilbert Grape,1993,True,,,
while we watched:2022,https://boxd.it/Cp0A,While We Watched,2022,True,,,
whiplash:2014,https://boxd.it/7bQA,Whiplash,2014,True,4.5,,
wild at heart:1990,https://boxd.it/2aii,Wild at Heart,1990,True,4.0,2025-11-25,
winter sleep:2014,https://boxd.it/7Ua0,Winter Sleep,2014,True,5.0,2026-02-22,
woman in the dunes:1964,https://boxd.it/1JNS,Woman in the Dunes,1964,True,5.0,2026-03-20,
wrong turn:2003,https://boxd.it/1Xzq,Wrong Turn,2003,True,,,
wrong turn 2: dead end:2007,https://boxd.it/1QDA,Wrong Turn 2: Dead End,2007,True,,,
wrong turn 3: left for dead:2009,https://boxd.it/1yJ6,Wrong Turn 3: Left for Dead,2009,True,,,
x-men origins: wolverine:2009,https://boxd.it/27ug,X-Men Origins: Wolverine,2009,True,,,
yes boss:1997,https://boxd.it/2MPO,Yes Boss,1997,True,,,
yi yi:2000,https://boxd.it/1vCw,Yi Yi,2000,True,5.0,2025-11-08,Life.zip
yojimbo:1961,https://boxd.it/1SRY,Yojimbo,1961,True,4.0,2025-12-26,
yuva:2004,https://boxd.it/Uy8,Yuva,2004,True,,,
zathura: a space adventure:2005,https://boxd.it/21mq,Zathura: A Space Adventure,2005,True,,,
zodiac:2007,https://boxd.it/27MO,Zodiac,2007,True,4.0,,
aka charlie sheen:2025,https://boxd.it/XwoG,aka Charlie Sheen,2025,True,3.5,2025-10-29,
mother!:2017,https://boxd.it/dgRU,mother!,2017,True,3.5,,
