Date,Name,Year,Letterboxd URI,Rating
2025-09-09,"Synecdoche, New York",2008,https://boxd.it/23zw,5
2025-09-09,Interstellar,2014,https://boxd.it/4VZ8,5
2025-09-09,Taxi Driver,1976,https://boxd.it/2b8y,5
2025-09-09,GoodFellas,1990,https://boxd.it/29FA,5
2025-09-09,mother!,2017,https://boxd.it/dgRU,3.5
2025-09-09,Moonlight,2016,https://boxd.it/d6bE,4
2025-09-09,Birdman or (The Unexpected Virtue of Ignorance),2014,https://boxd.it/5RFA,4.5
2025-09-09,Her,2013,https://boxd.it/4O24,4.5
2025-09-09,Snowpiercer,2013,https://boxd.it/3Icg,4
2025-09-09,Eternal Sunshine of the Spotless Mind,2004,https://boxd.it/6YK,4
2025-09-09,28 Days Later,2002,https://boxd.it/2aXU,2.5
2025-09-09,Requiem for a Dream,2000,https://boxd.it/29VI,5
2025-09-09,Fight Club,1999,https://boxd.it/2a9q,5
2025-09-09,Pulp Fiction,1994,https://boxd.it/29Pq,4.5
2025-09-09,Dumb and Dumber,1994,https://boxd.it/206m,4
2025-09-09,Carlito's Way,1993,https://boxd.it/226e,4
2025-09-09,Schindler's List,1993,https://boxd.it/2aq2,4.5
2025-09-09,The Devil's Advocate,1997,https://boxd.it/286k,4
2025-09-09,American History X,1998,https://boxd.it/2bdo,3.5
2025-09-09,Contact,1997,https://boxd.it/29OM,3
2025-09-09,Kundun,1997,https://boxd.it/1XUe,3
2025-09-09,Se7en,1995,https://boxd.it/29zs,4
2025-09-09,Casino,1995,https://boxd.it/2ads,4.5
2025-09-09,Primal Fear,1996,https://boxd.it/28ws,4
2025-09-09,Heat,1995,https://boxd.it/2bg8,4.5
2025-09-09,The Silence of the Lambs,1991,https://boxd.it/2aHW,4.5
2025-09-09,Cape Fear,1991,https://boxd.it/28vu,4
2025-09-09,Reservoir Dogs,1992,https://boxd.it/2agc,4.5
2025-09-09,Scent of a Woman,1992,https://boxd.it/1YAu,4
2025-09-09,The Shining,1980,https://boxd.it/29Nu,5
2025-09-09,Raging Bull,1980,https://boxd.it/28yI,4.5
2025-09-09,Blue Velvet,1986,https://boxd.it/29BI,4
2025-09-09,The Godfather,1972,https://boxd.it/2aNK,5
2025-09-09,A Clockwork Orange,1971,https://boxd.it/2aVE,4.5
2025-09-09,One Flew Over the Cuckoo's Nest,1975,https://boxd.it/2aeA,4
2025-09-09,The Godfather Part II,1974,https://boxd.it/2aNq,5
2025-09-09,The Many Saints of Newark,2021,https://boxd.it/j356,3
2025-09-09,The Irishman,2019,https://boxd.it/dYOq,4
2025-09-09,The Godfather Part III,1990,https://boxd.it/2aN6,4
2025-09-09,My Cousin Vinny,1992,https://boxd.it/1WpO,3.5
2025-09-09,Donnie Brasco,1997,https://boxd.it/1YRA,4.5
2025-09-09,The Big Lebowski,1998,https://boxd.it/2b6C,4
2025-09-09,L.A. Confidential,1997,https://boxd.it/27oC,3.5
2025-09-09,Being John Malkovich,1999,https://boxd.it/2ahu,4.5
2025-09-09,Poor Things,2023,https://boxd.it/tNWU,5
2025-09-09,The Zone of Interest,2023,https://boxd.it/gJsA,5
2025-09-09,Everything Everywhere All at Once,2022,https://boxd.it/jUk4,4
2025-09-09,Don't Look Up,2021,https://boxd.it/o0Hc,3.5
2025-09-09,Normal People,2020,https://boxd.it/q2VY,4.5
2025-09-09,The Platform,2019,https://boxd.it/mUm6,4.5
2025-09-09,Killers of the Flower Moon,2023,https://boxd.it/gHp0,4.5
2025-09-09,Adolescence,2025,https://boxd.it/TFGw,4.5
2025-09-09,Knives Out,2019,https://boxd.it/jWEA,2.5
2025-09-09,Marriage Story,2019,https://boxd.it/hJAw,4
2025-09-09,Chernobyl,2019,https://boxd.it/mkbG,5
2025-09-09,Bohemian Rhapsody,2018,https://boxd.it/f1TK,3.5
2025-09-09,Venom,2018,https://boxd.it/b8wA,1
2025-09-09,Blade Runner 2049,2017,https://boxd.it/b8wK,4.5
2025-09-09,Darkest Hour,2017,https://boxd.it/dZZa,3.5
2025-09-09,Manchester by the Sea,2016,https://boxd.it/b2L0,4
2025-09-09,Suicide Squad,2016,https://boxd.it/9row,1
2025-09-09,Bird Box,2018,https://boxd.it/eh1i,2
2025-09-09,Get Out,2017,https://boxd.it/eOCm,4
2025-09-09,Silence,2016,https://boxd.it/2cAo,4.5
2025-09-09,T2 Trainspotting,2017,https://boxd.it/5vTA,2
2025-09-09,The Revenant,2015,https://boxd.it/8H5e,3.5
2025-09-09,The Danish Girl,2015,https://boxd.it/9Ohy,4
2025-09-09,The Martian,2015,https://boxd.it/8SeG,3
2025-09-09,Mad Max: Fury Road,2015,https://boxd.it/2DjO,4.5
2025-09-09,Gone Girl,2014,https://boxd.it/6hQu,4
2025-09-09,The Wolf of Wall Street,2013,https://boxd.it/3C1m,4.5
2025-09-09,Boyhood,2014,https://boxd.it/3178,4
2025-09-09,Gangs of Wasseypur - Making Uncut -  The Roots of Revenge from Wasseypur,2013,https://boxd.it/qnLK,4.5
2025-09-09,Django Unchained,2012,https://boxd.it/2cCk,4.5
2025-09-09,No Country for Old Men,2007,https://boxd.it/21ew,4.5
2025-09-09,(500) Days of Summer,2009,https://boxd.it/1EmM,4.5
2025-09-09,Shutter Island,2010,https://boxd.it/1U82,4.5
2025-09-09,Agora,2009,https://boxd.it/1tVc,3.5
2025-09-09,The Reader,2008,https://boxd.it/20Dq,3.5
2025-09-09,Revolutionary Road,2008,https://boxd.it/24Le,4
2025-09-09,The Midnight Meat Train,2008,https://boxd.it/1WSw,3
2025-09-09,Into the Wild,2007,https://boxd.it/22m2,4.5
2025-09-09,American Gangster,2007,https://boxd.it/23wi,4
2025-09-09,The Aviator,2004,https://boxd.it/26BU,4
2025-09-09,Saw,2004,https://boxd.it/2aWW,4
2025-09-09,The Departed,2006,https://boxd.it/28MA,4
2025-09-09,The Lives of Others,2006,https://boxd.it/2a4A,4
2025-09-09,Flipped,2010,https://boxd.it/Tb8,3.5
2025-09-09,Paan Singh Tomar,2012,https://boxd.it/3l28,5
2025-09-09,Shane Gillis: Beautiful Dogs,2023,https://boxd.it/Ijri,3
2025-09-09,Magnolia,1999,https://boxd.it/2aze,4
2025-09-09,Adaptation.,2002,https://boxd.it/26mA,4
2025-09-09,The Fast and the Furious: Tokyo Drift,2006,https://boxd.it/1Yeo,4
2025-09-09,Furious 7,2015,https://boxd.it/5cVs,0.5
2025-09-10,La Haine,1995,https://boxd.it/2as8,4.5
2025-09-10,Midnight Cowboy,1969,https://boxd.it/25Hi,4.5
2025-09-10,2001: A Space Odyssey,1968,https://boxd.it/2bf0,5
2025-09-10,"The Good, the Bad and the Ugly",1966,https://boxd.it/2ape,4.5
2025-09-10,The Graduate,1967,https://boxd.it/18Im,4
2025-09-10,Ford v Ferrari,2019,https://boxd.it/ce74,2.5
2025-09-11,"Salò, or the 120 Days of Sodom",1975,https://boxd.it/237s,3.5
2025-09-11,The Favourite,2018,https://boxd.it/d2hI,4
2025-09-11,Brazil,1985,https://boxd.it/2be2,3.5
2025-09-11,The Substance,2024,https://boxd.it/zanS,4
2025-09-11,It's What's Inside,2024,https://boxd.it/DOV4,2
2025-09-11,Red Eye,2005,https://boxd.it/1TNy,3
2025-09-11,Leave the World Behind,2023,https://boxd.it/re0i,2
2025-09-11,Mirage,2018,https://boxd.it/jeOm,2.5
2025-09-11,Horse Girl,2020,https://boxd.it/oioi,2.5
2025-09-11,Run,2020,https://boxd.it/jVM4,3
2025-09-11,Fractured,2019,https://boxd.it/kPL2,3
2025-09-11,Skins,2017,https://boxd.it/fsVI,2.5
2025-09-11,The Lobster,2015,https://boxd.it/7tnw,4.5
2025-09-11,Training Day,2001,https://boxd.it/27A4,3.5
2025-09-11,Old Dads,2023,https://boxd.it/Bk0o,2
2025-09-11,Bandit Queen,1994,https://boxd.it/1NoC,4.5
2025-09-11,A Woman Under the Influence,1974,https://boxd.it/1myg,5
2025-09-11,Mr. Nobody,2009,https://boxd.it/1k44,4
2025-09-11,Parasite,2019,https://boxd.it/hTha,5
2025-09-11,Inglourious Basterds,2009,https://boxd.it/1JzG,5
2025-09-11,American Beauty,1999,https://boxd.it/71Y,4.5
2025-09-11,Call Me by Your Name,2017,https://boxd.it/dYmm,4
2025-09-11,Inception,2010,https://boxd.it/1skk,4.5
2025-09-11,Nightcrawler,2014,https://boxd.it/780m,4
2025-09-11,Dallas Buyers Club,2013,https://boxd.it/4O8G,4
2025-09-11,Scarface,1983,https://boxd.it/2b7g,5
2025-09-11,A Bronx Tale,1993,https://boxd.it/28uQ,4.5
2025-09-11,Primer,2004,https://boxd.it/6YA,4.5
2025-09-11,Joker,2019,https://boxd.it/h4cS,4
2025-09-11,Memento,2000,https://boxd.it/2bcK,4.5
2025-09-11,Groundhog Day,1993,https://boxd.it/2b3e,3.5
2025-09-11,"Girl, Interrupted",1999,https://boxd.it/25ds,4
2025-09-11,A Few Good Men,1992,https://boxd.it/29nw,4
2025-09-11,V for Vendetta,2005,https://boxd.it/29Ik,4
2025-09-11,Insidious,2010,https://boxd.it/H4k,3.5
2025-09-11,The Killing of a Sacred Deer,2017,https://boxd.it/dZ5G,4
2025-09-11,Vicky Cristina Barcelona,2008,https://boxd.it/23rW,3.5
2025-09-11,DAHMER - Monster: The Jeffrey Dahmer Story,2022,https://boxd.it/CRG0,4
2025-09-11,Cast Away,2000,https://boxd.it/20i8,3.5
2025-09-11,The Lord of the Rings: The Fellowship of the Ring,2001,https://boxd.it/2b5O,4.5
2025-09-11,The Lord of the Rings: The Two Towers,2002,https://boxd.it/2b5E,5
2025-09-11,The Lord of the Rings: The Return of the King,2003,https://boxd.it/2b5u,4.5
2025-09-12,Paradise,2023,https://boxd.it/H7co,1.5
2025-09-13,Spotlight,2015,https://boxd.it/a84k,4
2025-09-13,Lost in Translation,2003,https://boxd.it/2b0E,5
2025-09-13,I'm Thinking of Ending Things,2020,https://boxd.it/i4IQ,5
2025-09-15,Catch Me If You Can,2002,https://boxd.it/29VS,4
2025-09-15,Notting Hill,1999,https://boxd.it/2aeK,3.5
2025-09-15,Léon: The Professional,1994,https://boxd.it/2b8S,4
2025-09-15,"New York, New York",1977,https://boxd.it/1Rw6,4
2025-09-15,Blade Runner,1982,https://boxd.it/2bcA,4
2025-09-15,Awakenings,1990,https://boxd.it/1USu,4
2025-09-15,The Firm,1993,https://boxd.it/18JY,3.5
2025-09-15,Blood Diamond,2006,https://boxd.it/28Tm,3.5
2025-09-15,Jackie Brown,1997,https://boxd.it/2aVO,4
2025-09-15,Mulholland Drive,2001,https://boxd.it/297o,4.5
2025-09-15,The Fault in Our Stars,2014,https://boxd.it/6BQa,2
2025-09-15,Anatomy of a Fall,2023,https://boxd.it/yuDE,4
2025-09-15,The King's Speech,2010,https://boxd.it/dX0,3.5
2025-09-15,12 Years a Slave,2013,https://boxd.it/2D2e,4.5
2025-09-15,300,2006,https://boxd.it/28XI,3.5
2025-09-15,Rain Man,1988,https://boxd.it/2avw,4
2025-09-15,The Panic in Needle Park,1971,https://boxd.it/1rwu,4
2025-09-15,Twelve Monkeys,1995,https://boxd.it/2beQ,4
2025-09-15,Ocean's Eleven,2001,https://boxd.it/2aZm,3.5
2025-09-15,Big Fish,2003,https://boxd.it/2a3M,4
2025-09-15,A Star Is Born,2018,https://boxd.it/aXgc,3
2025-09-15,Once Upon a Time... in Hollywood,2019,https://boxd.it/gH0O,4
2025-09-15,The Grudge,2004,https://boxd.it/27Jq,4
2025-09-15,Sinners,2025,https://boxd.it/KQMM,4.5
2025-09-16,Okja,2017,https://boxd.it/dvXe,3
2025-09-16,House of Gucci,2021,https://boxd.it/nVkC,3
2025-09-16,Squid Game,2021,https://boxd.it/x1OG,3.5
2025-09-16,1917,2019,https://boxd.it/jj4y,3.5
2025-09-16,The Most Hated Woman in America,2017,https://boxd.it/e7fE,3
2025-09-16,John Wick,2014,https://boxd.it/7dEc,3.5
2025-09-16,Whiplash,2014,https://boxd.it/7bQA,4.5
2025-09-16,Gravity,2013,https://boxd.it/GZY,2.5
2025-09-16,The Number 23,2007,https://boxd.it/258C,3.5
2025-09-16,Zodiac,2007,https://boxd.it/27MO,4
2025-09-16,The Pursuit of Happyness,2006,https://boxd.it/28PE,3.5
2025-09-16,The Exorcism of Emily Rose,2005,https://boxd.it/200I,3.5
2025-09-16,50 First Dates,2004,https://boxd.it/285c,2.5
2025-09-16,Gangs of New York,2002,https://boxd.it/25FG,4
2025-09-16,K-PAX,2001,https://boxd.it/2aYo,3.5
2025-09-16,American Psycho,2000,https://boxd.it/28Vs,4
2025-09-16,Donnie Darko,2001,https://boxd.it/2b2A,4
2025-09-16,A Walk to Remember,2002,https://boxd.it/1WLq,3
2025-09-16,The Matrix,1999,https://boxd.it/2a1m,4
2025-09-16,The Blair Witch Project,1999,https://boxd.it/26ua,3.5
2025-09-16,Eyes Wide Shut,1999,https://boxd.it/2axs,4
2025-09-16,"Lock, Stock and Two Smoking Barrels",1998,https://boxd.it/2b92,3.5
2025-09-16,Fear and Loathing in Las Vegas,1998,https://boxd.it/27Xs,4
2025-09-16,Face/Off,1997,https://boxd.it/29I0,3
2025-09-17,Little Women,1994,https://boxd.it/1YiU,4
2025-09-17,Vanilla Sky,2001,https://boxd.it/27TK,3.5
2025-09-18,The Banshees of Inisherin,2022,https://boxd.it/p7XS,4
2025-09-18,The Long Goodbye,1973,https://boxd.it/281O,4.5
2025-09-21,The Brown Bunny,2003,https://boxd.it/1RnI,3.5
2025-09-22,Punch-Drunk Love,2002,https://boxd.it/20E4,5
2025-09-22,There Will Be Blood,2007,https://boxd.it/20Z2,5
2025-09-23,Licorice Pizza,2021,https://boxd.it/qTKY,5
2025-09-23,Boogie Nights,1997,https://boxd.it/23um,4.5
2025-09-24,Midsommar,2019,https://boxd.it/jhxe,4
2025-09-24,Twin Peaks,1989,https://boxd.it/g8pk,5
2025-09-24,City of God,2002,https://boxd.it/2a2a,4.5
2025-09-25,Lost Highway,1997,https://boxd.it/29Wc,4
2025-09-26,George Carlin's American Dream,2022,https://boxd.it/ADUe,4.5
2025-09-26,The Woman in the Window,2021,https://boxd.it/iT56,2.5
2025-09-26,Mysterious Skin,2004,https://boxd.it/1UsG,4.5
2025-09-26,The Piano Teacher,2001,https://boxd.it/2886,5
2025-09-27,The Machinist,2004,https://boxd.it/248c,4
2025-09-27,The Holdovers,2023,https://boxd.it/vHza,4
2025-09-27,Borat Subsequent Moviefilm: Delivery of Prodigious Bribe to American Regime for Make Benefit Once Glorious Nation of Kazakhstan,2020,https://boxd.it/rNS0,3
2025-09-27,Ex Machina,2015,https://boxd.it/7T2k,4
2025-09-28,Malcolm X,1992,https://boxd.it/27WE,4.5
2025-09-28,Melancholia,2011,https://boxd.it/bPI,4
2025-09-29,Weapons,2025,https://boxd.it/EMTM,4
2025-09-29,All the President's Men,1976,https://boxd.it/29lU,4
2025-09-29,Cloud,2024,https://boxd.it/LhR0,3.5
2025-10-02,Antichrist,2009,https://boxd.it/1Inu,4
2025-10-03,Alien,1979,https://boxd.it/2awY,4.5
2025-10-03,Hereditary,2018,https://boxd.it/hNVe,4.5
2025-10-04,Enter the Void,2009,https://boxd.it/1dy2,4
2025-10-06,Eddington,2025,https://boxd.it/o6MC,4
2025-10-08,The Lighthouse,2019,https://boxd.it/icFU,5
2025-10-09,All That Jazz,1979,https://boxd.it/1JB8,5
2025-10-12,Gummo,1997,https://boxd.it/1H0Y,4
2025-10-19,The Color of Money,1986,https://boxd.it/1SSM,3.5
2025-10-19,One Battle After Another,2025,https://boxd.it/DUHM,5
2025-10-20,Nashville,1975,https://boxd.it/25GE,4.5
2025-10-21,Dr. Strangelove or: How I Learned to Stop Worrying and Love the Bomb,1964,https://boxd.it/29eY,5
2025-10-26,Irreversible,2002,https://boxd.it/29as,3.5
2025-10-31,aka Charlie Sheen,2025,https://boxd.it/XwoG,3.5
2025-11-03,Uncut Gems,2019,https://boxd.it/gXGc,4.5
2025-11-03,The White Ribbon,2009,https://boxd.it/17eU,5
2025-11-03,Caché,2005,https://boxd.it/2amY,4.5
2025-11-03,Funny Games,1997,https://boxd.it/1WKM,4
2025-11-03,Dogtooth,2009,https://boxd.it/158K,4
2025-11-04,Anora,2024,https://boxd.it/Egcw,4
2025-11-04,The Master,2012,https://boxd.it/2cBG,5
2025-11-04,After Hours,1985,https://boxd.it/1VfS,5
2025-11-04,"Paris, Texas",1984,https://boxd.it/29Ts,5
2025-11-04,The Truman Show,1998,https://boxd.it/18U8,5
2025-11-06,Persona,1966,https://boxd.it/29B4,5
2025-11-06,No Regrets for Our Youth,1946,https://boxd.it/Um2,5
2025-11-06,The Conformist,1970,https://boxd.it/20cE,4
2025-11-07,Scandal,1950,https://boxd.it/1gG4,3.5
2025-11-08,Dogville,2003,https://boxd.it/2a8W,5
2025-11-08,Rashomon,1950,https://boxd.it/2a9K,4
2025-11-09,Saving Private Ryan,1998,https://boxd.it/29ro,4
2025-11-09,Yi Yi,2000,https://boxd.it/1vCw,5
2025-11-10,Ikiru,1952,https://boxd.it/251c,4.5
2025-11-13,Beau Is Afraid,2023,https://boxd.it/u2gE,3.5
2025-11-14,Alice Doesn't Live Here Anymore,1974,https://boxd.it/1KIa,4.5
2025-11-16,God Vulture and Human,2023,https://boxd.it/K6FU,4
2025-11-17,PlayTime,1967,https://boxd.it/1WLK,4.5
2025-11-17,The Wicker Man,1973,https://boxd.it/1KnG,4
2025-11-19,Memories of Murder,2003,https://boxd.it/1TSo,4.5
2025-11-21,Seven Samurai,1954,https://boxd.it/2axi,5
2025-11-21,The House That Jack Built,2018,https://boxd.it/dWO4,4
2025-11-22,Shadows,1958,https://boxd.it/1M9c,3.5
2025-11-24,Nope,2022,https://boxd.it/sDCe,4
2025-11-25,La La Land,2016,https://boxd.it/a5fa,3.5
2025-11-26,Wild at Heart,1990,https://boxd.it/2aii,4
2025-11-26,Mickey 17,2025,https://boxd.it/q1Dk,4
2025-11-28,The Witch,2015,https://boxd.it/9X0m,4
2025-11-29,The Devil,1972,https://boxd.it/3iRC,3.5
2025-11-29,Cure,1997,https://boxd.it/1blA,5
2025-11-29,Tokyo Sonata,2008,https://boxd.it/1ZxQ,5
2025-11-29,In the Mood for Love,2000,https://boxd.it/29tE,5
2025-12-01,Bugonia,2025,https://boxd.it/qeWY,4
2025-12-01,Carnival of Souls,1962,https://boxd.it/1KQ4,4
2025-12-01,Repulsion,1965,https://boxd.it/1TKu,5
2025-12-03,Throne of Blood,1957,https://boxd.it/251w,4
2025-12-04,"Clean, Shaven",1993,https://boxd.it/28IS,4.5
2025-12-05,Keane,2004,https://boxd.it/1Q7a,4
2025-12-08,Audition,1999,https://boxd.it/1UHm,4
2025-12-08,Amour,2012,https://boxd.it/34Q6,4.5
2025-12-09,Agra,2023,https://boxd.it/E4Ee,4
2025-12-09,Joyland,2022,https://boxd.it/AlzM,4.5
2025-12-14,Benny's Video,1992,https://boxd.it/27Hk,4
2025-12-14,25th Hour,2002,https://boxd.it/28LC,4
2025-12-14,Lady Bird,2017,https://boxd.it/dGNE,4
2025-12-14,BlacKkKlansman,2018,https://boxd.it/hxL8,4.5
2025-12-15,The Handmaiden,2016,https://boxd.it/948A,5
2025-12-15,Videodrome,1983,https://boxd.it/29uC,4
2025-12-15,The Brutalist,2024,https://boxd.it/k4BO,4.5
2025-12-16,Dahomey,2024,https://boxd.it/FFBI,3.5
2025-12-17,Fallen Leaves,2023,https://boxd.it/Bgew,5
2025-12-18,Shadows in Paradise,1986,https://boxd.it/73A,4.5
2025-12-20,Ariel,1988,https://boxd.it/73K,4
2025-12-21,The Match Factory Girl,1990,https://boxd.it/20Je,4
2025-12-21,Mother and Son,1997,https://boxd.it/S96,3.5
2025-12-22,Autumn Sonata,1978,https://boxd.it/1Rio,5
2025-12-22,The Double Life of Véronique,1991,https://boxd.it/28va,4
2025-12-23,Cries and Whispers,1972,https://boxd.it/1WK8,4
2025-12-24,Phantom Thread,2017,https://boxd.it/e4uc,5
2025-12-25,Tokyo Godfathers,2003,https://boxd.it/1Qg2,4.5
2025-12-26,The Idiots,1998,https://boxd.it/2amu,5
2025-12-28,Yojimbo,1961,https://boxd.it/1SRY,4
2025-12-29,Sanjuro,1962,https://boxd.it/1TaQ,3.5
2025-12-29,The Seventh Continent,1989,https://boxd.it/1gB4,4
2025-12-30,Sentimental Value,2025,https://boxd.it/GwcG,4.5
2025-12-31,Train Dreams,2025,https://boxd.it/LdDo,4
2026-01-01,If I Had Legs I'd Kick You,2025,https://boxd.it/HUtS,4
2026-01-02,No Other Choice,2025,https://boxd.it/nKiA,4.5
2026-01-03,It Was Just an Accident,2025,https://boxd.it/TX2k,4
2026-01-05,Sirāt,2025,https://boxd.it/HxJo,4.5
2026-01-06,"Sorry, Baby",2025,https://boxd.it/JKNi,4
2026-01-07,Blue Moon,2025,https://boxd.it/Nzwy,4
2026-01-08,Bring Her Back,2025,https://boxd.it/Hxlc,3
2026-01-10,Maharaj,2024,https://boxd.it/IoDe,3
2026-01-10,The Blue Trail,2025,https://boxd.it/IrKi,4.5
2026-01-11,Come and See,1985,https://boxd.it/1w9q,5
2026-01-12,Late Shift,2025,https://boxd.it/QgzO,4
2026-01-13,Murder Mindfully,2024,https://boxd.it/RV7S,3
2026-01-14,Stalker,1979,https://boxd.it/28PO,4.5
2026-01-14,Time of the Wolf,2003,https://boxd.it/1y7w,3.5
2026-01-15,Good Time,2017,https://boxd.it/fcFu,4.5
2026-01-22,The Secret Agent,2025,https://boxd.it/KkUE,4
2026-01-23,Frankenstein,2025,https://boxd.it/Ecsg,3
2026-01-29,I Swear,2025,https://boxd.it/Og8k,4
2026-02-02,Damnation,1988,https://boxd.it/1E28,4
2026-02-03,The Seventh Seal,1957,https://boxd.it/2ahO,4.5
2026-02-04,My Dinner with Andre,1981,https://boxd.it/1vLe,5
2026-02-05,Grizzly Man,2005,https://boxd.it/2ag2,4
2026-02-06,High and Low,1963,https://boxd.it/1RSc,5
2026-02-08,Anomalisa,2015,https://boxd.it/97TE,4.5
2026-02-08,Inherent Vice,2014,https://boxd.it/5hla,3.5
2026-02-08,Hamnet,2025,https://boxd.it/woVy,4
2026-02-09,Werckmeister Harmonies,2000,https://boxd.it/1zzw,4
2026-02-10,Tangerine,2015,https://boxd.it/9QRe,4.5
2026-02-12,The Wailing,2016,https://boxd.it/9fLy,4.5
2026-02-13,Ran,1985,https://boxd.it/1Tlu,5
2026-02-15,Bleeder,1999,https://boxd.it/1HKs,4
2026-02-15,Babylon,2022,https://boxd.it/mM02,4.5
2026-02-15,Nowhere,1997,https://boxd.it/286E,2.5
2026-02-16,The White Tiger,2021,https://boxd.it/nhg6,3
2026-02-16,Like Stars on Earth,2007,https://boxd.it/20SA,4.5
2026-02-16,Masaan,2015,https://boxd.it/b6x2,4
2026-02-16,Haider,2014,https://boxd.it/8E5A,4.5
2026-02-16,Dev.D,2009,https://boxd.it/1L5I,4.5
2026-02-16,Udaan,2010,https://boxd.it/PPe,4.5
2026-02-16,Student Of The Year,2012,https://boxd.it/4rkY,0.5
2026-02-16,Anand,1971,https://boxd.it/1uhM,5
2026-02-16,Tumbbad,2018,https://boxd.it/jDZk,5
2026-02-16,Maqbool,2003,https://boxd.it/1CbM,4.5
2026-02-16,Hazaaron Khwaishein Aisi,2003,https://boxd.it/1BI6,4.5
2026-02-16,Omkara,2006,https://boxd.it/1Ny8,4
2026-02-16,Gulaal,2009,https://boxd.it/1BAw,5
2026-02-16,Ankhon Dekhi,2013,https://boxd.it/76UC,4.5
2026-02-16,Dead Man,1995,https://boxd.it/29h4,4
2026-02-16,Chungking Express,1994,https://boxd.it/1UDa,4
2026-02-17,"Jeanne Dielman, 23, quai du Commerce, 1080 Bruxelles",1975,https://boxd.it/T18,5
2026-02-18,Marty Supreme,2025,https://boxd.it/Off0,4.5
2026-02-18,Downfall,2004,https://boxd.it/2a04,4.5
2026-02-19,Scenes from a Marriage,1974,https://boxd.it/4kJC,4.5
2026-02-20,Moneyball,2011,https://boxd.it/glS,4
2026-02-22,The Batman,2022,https://boxd.it/eDGs,3.5
2026-02-22,Under the Skin,2013,https://boxd.it/3mDa,4
2026-02-22,Hard Eight,1996,https://boxd.it/20DU,3
2026-02-23,Winter Sleep,2014,https://boxd.it/7Ua0,5
2026-02-24,Shoplifters,2018,https://boxd.it/ifY6,4
2026-02-25,The Piano,1993,https://boxd.it/29Kq,4
2026-02-26,The Boy in the Striped Pyjamas,2008,https://boxd.it/1NOK,4.5
2026-02-26,Pillion,2025,https://boxd.it/N6Pw,3.5
2026-02-27,Kagemusha,1980,https://boxd.it/1SGG,5
2026-02-27,Titane,2021,https://boxd.it/nlQC,4.5
2026-03-02,Black Girl,1966,https://boxd.it/3jIQ,5
2026-03-02,Triangle of Sadness,2022,https://boxd.it/hXlq,4
2026-03-03,What Happened Was...,1994,https://boxd.it/2WAk,5
2026-03-03,Judas and the Black Messiah,2021,https://boxd.it/lsew,4
2026-03-04,Stranger Than Paradise,1984,https://boxd.it/2ajU,4
2026-03-06,Do the Right Thing,1989,https://boxd.it/29gA,4.5
2026-03-06,Jaws,1975,https://boxd.it/2a5e,3.5
2026-03-07,Naked,1993,https://boxd.it/1BT4,4.5
2026-03-09,Network,1976,https://boxd.it/1VqG,4.5
2026-03-09,The Passion of Joan of Arc,1928,https://boxd.it/29DO,4.5
2026-03-10,Once Upon a Time in Anatolia,2011,https://boxd.it/2yHG,5
2026-03-11,Barry Lyndon,1975,https://boxd.it/25A2,5
2026-03-11,Tampopo,1985,https://boxd.it/1SZe,3.5
2026-03-13,Ferris Bueller's Day Off,1986,https://boxd.it/1YPY,4
2026-03-13,Lars and the Real Girl,2007,https://boxd.it/21tG,4.5
2026-03-13,Code Unknown,2000,https://boxd.it/1kaw,4
2026-03-15,Mystery Train,1989,https://boxd.it/1Ub6,4
2026-03-15,Decision to Leave,2022,https://boxd.it/qp9e,4
2026-03-16,The Voice of Hind Rajab,2025,https://boxd.it/UXdO,4
2026-03-17,Incendies,2010,https://boxd.it/Msm,5
2026-03-18,The Last Temptation of Christ,1988,https://boxd.it/1ULe,4
2026-03-19,The Vanishing,1988,https://boxd.it/1ZTW,4
2026-03-20,Happiness,1998,https://boxd.it/1VEe,4.5
2026-03-21,Woman in the Dunes,1964,https://boxd.it/1JNS,5
2026-03-22,Possession,1981,https://boxd.it/1BPm,5
2026-03-22,The Hunt,2012,https://boxd.it/3wEC,4.5
2026-03-22,Suspiria,1977,https://boxd.it/1SNW,3.5
2026-03-22,Sunset Boulevard,1950,https://boxd.it/2a20,5
2026-03-23,The Color of Pomegranates,1969,https://boxd.it/1u94,3
2026-03-24,The Battle of Algiers,1966,https://boxd.it/1IRY,4.5
2026-03-25,Viridiana,1961,https://boxd.it/24eE,4.5
2026-03-26,Metropolis,1927,https://boxd.it/71a,4.5
2026-03-27,Sound of Falling,2025,https://boxd.it/Km9K,4.5
2026-03-29,The Perfect Neighbor,2025,https://boxd.it/RSG6,4
2026-03-29,Holy Spider,2022,https://boxd.it/xBn2,4
2026-03-29,The Cremator,1969,https://boxd.it/1H8y,5
2026-03-29,Paths of Glory,1957,https://boxd.it/29b6,4.5
2026-03-30,Blow Out,1981,https://boxd.it/1TlE,4.5
2026-03-31,Friendship,2024,https://boxd.it/L6Dc,3.5
2026-04-01,Vortex,2021,https://boxd.it/uoni,4.5
2026-04-06,M,1931,https://boxd.it/29vq,3.5
2026-04-06,Is Raat Ki Subah Nahin,1996,https://boxd.it/aKPI,3.5
2026-04-07,Greener Grass,2019,https://boxd.it/jYoY,4
2026-04-07,Sorry to Bother You,2018,https://boxd.it/f21E,3.5
2026-04-07,I Am Cuba,1964,https://boxd.it/1hUQ,5
2026-04-08,Le Trou,1960,https://boxd.it/1nSw,4.5
2026-04-10,Diabolique,1955,https://boxd.it/29we,4.5
2026-04-11,Rear Window,1954,https://boxd.it/2a6Q,4.5
2026-04-13,Project Hail Mary,2026,https://boxd.it/pEeQ,3.5
2026-04-14,The Apartment,1960,https://boxd.it/2aGE,5
2026-04-18,On the Silver Globe,1988,https://boxd.it/1sAM,4.5
2026-04-23,Heretic,2024,https://boxd.it/H1lY,3
2026-04-24,Double Indemnity,1944,https://boxd.it/297I,4.5
2026-04-25,TÁR,2022,https://boxd.it/uNIA,4.5
2026-04-26,The Bad Sleep Well,1960,https://boxd.it/1iLA,5
2026-04-27,Pan's Labyrinth,2006,https://boxd.it/28No,4
2026-04-28,Almost Famous,2000,https://boxd.it/29CQ,4
2026-04-29,Mandabi,1968,https://boxd.it/3pi0,4
2026-04-30,Pusher,1996,https://boxd.it/27wG,4
2026-04-30,Pusher II,2004,https://boxd.it/1U7y,3.5
2026-05-01,Some Like It Hot,1959,https://boxd.it/2aNA,4.5
2026-05-02,Das Boot,1981,https://boxd.it/2av2,4.5
2026-05-04,The Player,1992,https://boxd.it/1WlM,4
2026-05-06,A Prophet,2009,https://boxd.it/1BGE,4.5
2026-05-07,Pusher III,2005,https://boxd.it/1U7e,4.5
2026-05-08,Uncle Boonmee Who Can Recall His Past Lives,2010,https://boxd.it/168Q,3
2026-05-09,Pink Flamingos,1972,https://boxd.it/29NO,4
2026-05-12,The Motorcycle Diaries,2004,https://boxd.it/28nU,5
2026-05-13,Dancer in the Dark,2000,https://boxd.it/71E,5
2026-05-14,Possibly in Michigan,1983,https://boxd.it/aXA2,3.5
2026-05-14,A Separation,2011,https://boxd.it/gvo,5
2026-05-15,Faces,1968,https://boxd.it/29Ia,3.5
2026-05-17,The Third Man,1949,https://boxd.it/294E,4.5
2026-05-17,Red Beard,1965,https://boxd.it/251m,5
2026-05-18,All About My Mother,1999,https://boxd.it/2b9c,4
2026-05-19,Distant,2002,https://boxd.it/1k28,4.5
2026-05-19,Persona,2018,https://boxd.it/nBOM,4.5
2026-05-20,The Wind That Shakes the Barley,2006,https://boxd.it/293Q,4
2026-05-21,The Celebration,1998,https://boxd.it/2aCM,4.5
2026-05-22,Mandy,2018,https://boxd.it/gtti,3
2026-05-26,Nomadland,2020,https://boxd.it/lnRy,3.5
2026-05-26,Polytechnique,2009,https://boxd.it/1AMG,3.5
2026-05-27,Lenny,1974,https://boxd.it/1sym,4.5
2026-05-28,Before the Devil Knows You're Dead,2007,https://boxd.it/20Jy,4.5
2026-05-29,Rosemary's Baby,1968,https://boxd.it/29zM,5
2026-05-29,The Tenant,1976,https://boxd.it/1TKk,4.5
2026-05-29,Trainspotting,1996,https://boxd.it/29XY,5
2026-05-29,Climax,2018,https://boxd.it/ikvo,5
2026-05-30,Portrait of a Lady on Fire,2019,https://boxd.it/jkPq,4.5
2026-05-31,Threads,1984,https://boxd.it/1I0g,4
2026-06-01,Russian Ark,2002,https://boxd.it/1JQM,4
2026-06-01,Victoria,2015,https://boxd.it/amSe,5
2026-06-03,3 Women,1977,https://boxd.it/YPs,4.5
2026-06-03,Hokum,2026,https://boxd.it/SUeq,3.5
2026-06-04,Barton Fink,1991,https://boxd.it/2aFQ,4.5
2026-06-05,Fargo,1996,https://boxd.it/2aHM,4
2026-06-06,Elle,2016,https://boxd.it/bdhq,4
2026-06-07,A Serious Man,2009,https://boxd.it/1RFW,4.5
2026-06-08,Dial M for Murder,1954,https://boxd.it/2adW,5
2026-06-10,The Face of Another,1966,https://boxd.it/1nso,4
2026-06-11,The Searchers,1956,https://boxd.it/25HC,3
2026-06-12,In Which Annie Gives It Those Ones,1989,https://boxd.it/cCoe,4
2026-06-13,Bacurau,2019,https://boxd.it/fSUG,4
2026-06-13,The Red Shoes,1948,https://boxd.it/1EXI,5
2026-06-15,Children of Men,2006,https://boxd.it/1Y2i,4
2026-06-16,Peeping Tom,1960,https://boxd.it/1Utk,4
2026-06-18,Breaking the Waves,1996,https://boxd.it/2b1W,4.5
2026-06-19,Climates,2006,https://boxd.it/1H0k,3.5
2026-06-20,Monty Python and the Holy Grail,1975,https://boxd.it/29GI,4
2026-06-20,Secret Sunshine,2007,https://boxd.it/27CY,4.5
2026-06-21,The Holy Mountain,1973,https://boxd.it/20mu,5
2026-06-22,Fanny and Alexander,1982,https://boxd.it/22go,5
2026-06-24,Burning,2018,https://boxd.it/hHUa,4
2026-06-25,Peppermint Candy,1999,https://boxd.it/ZQc,4.5
2026-06-25,Oasis,2002,https://boxd.it/1sO0,5
2026-06-27,Post Tenebras Lux,2012,https://boxd.it/3wTs,3
2026-06-27,In Bruges,2008,https://boxd.it/20n8,4
2026-06-28,Ordet,1955,https://boxd.it/Jiy,4.5
2026-06-29,Rope,1948,https://boxd.it/28yo,5
2026-06-30,Secrets & Lies,1996,https://boxd.it/1UuC,4.5
2026-07-01,Obsession,2025,https://boxd.it/PNqo,4
2026-07-02,Gattaca,1997,https://boxd.it/29Du,3
2026-07-03,A Ghost Story,2017,https://boxd.it/fb0K,3.5
2026-07-04,The Stepford Wives,1975,https://boxd.it/1Sfq,5
2026-07-06,Cannibal Tours,1988,https://boxd.it/14hw,4.5
2026-07-07,Vera Drake,2004,https://boxd.it/1UCm,4.5
2026-07-08,Nosferatu the Vampyre,1979,https://boxd.it/21J0,4
2026-07-09,Nosferatu,1922,https://boxd.it/29TM,3.5
2026-07-10,The Northman,2022,https://boxd.it/nK2s,3.5
2026-07-10,Nosferatu,2024,https://boxd.it/f5eG,3.5
2026-07-11,Touki Bouki,1973,https://boxd.it/2H44,3.5
2026-07-12,"Good Luck, Have Fun, Don't Die",2025,https://boxd.it/Glua,1.5
2026-07-16,Following,1998,https://boxd.it/1Tj4,3.5
2026-07-17,Backrooms,2026,https://boxd.it/EY6W,4
2026-07-18,Another Round,2020,https://boxd.it/lkba,5
2026-07-19,Insomnia,2002,https://boxd.it/2aB0,4
2026-07-20,Batman Begins,2005,https://boxd.it/2aIg,3.5
2026-07-23,The Prestige,2006,https://boxd.it/293w,4.5
2026-07-24,The Dark Knight,2008,https://boxd.it/2b0k,4.5
2026-07-28,Tenet,2020,https://boxd.it/leq4,3
2026-07-28,Dunkirk,2017,https://boxd.it/d0Y6,4.5
2026-07-28,Oppenheimer,2023,https://boxd.it/wUow,5
2026-07-29,The Odyssey,2026,https://boxd.it/QFQU,4.5
2026-07-29,The Dark Knight Rises,2012,https://boxd.it/H3m,3.5
2026-07-30,The Human Condition I: No Greater Love,1959,https://boxd.it/1jAy,4.5
2026-07-31,The Human Condition II: Road to Eternity,1959,https://boxd.it/1dJa,5
2026-08-01,The Human Condition III: A Soldier's Prayer,1961,https://boxd.it/1dIQ,5
2026-08-02,The Manchurian Candidate,1962,https://boxd.it/299Y,3.5
2026-08-03,Husbands,1970,https://boxd.it/zOY,4.5
2026-08-04,The Train,1964,https://boxd.it/25lm,4.5
2026-08-06,Harakiri,1962,https://boxd.it/1NTU,5
2026-08-06,Minnie and Moskowitz,1971,https://boxd.it/1xPi,4.5
2026-08-07,Seconds,1966,https://boxd.it/1Dbe,4.5
2026-08-08,The Wild Pear Tree,2018,https://boxd.it/eMtM,5
2026-08-09,The Drama,2026,https://boxd.it/OA2w,3
2026-08-11,El Topo,1970,https://boxd.it/1QYS,3.5
2026-08-12,Pearl,2022,https://boxd.it/zPbe,4
2026-08-12,The Man Who Wasn't There,2001,https://boxd.it/1Vqc,4.5
2026-08-14,The Turin Horse,2011,https://boxd.it/2Qsk,5
2026-08-15,The Man from Earth,2007,https://boxd.it/1Ql2,4
2026-08-16,Kwaidan,1964,https://boxd.it/1kbY,5
2026-08-17,Buffalo '66,1998,https://boxd.it/1YC6,5
2026-08-17,The Night of the Hunter,1955,https://boxd.it/25HW,4.5
2026-08-18,True Grit,2010,https://boxd.it/Sog,3.5
2026-08-19,Pather Panchali,1955,https://boxd.it/22yC,5
2026-08-20,Aparajito,1956,https://boxd.it/29kW,4.5
2026-08-21,Apur Sansar,1959,https://boxd.it/29l6,5
2026-08-22,The Invite,2026,https://boxd.it/zRNY,4.5
2026-08-23,Green Book,2018,https://boxd.it/hErk,2
2026-08-24,Sound of Metal,2019,https://boxd.it/i7Q4,4
2026-08-25,Mother,2009,https://boxd.it/1m9g,5
