Date,Name,Year,Letterboxd URI
2025-09-07,The Conjuring,2013,https://boxd.it/4sr2
2025-09-07,GoodFellas,1990,https://boxd.it/29FA
2025-09-07,The Godfather,1972,https://boxd.it/2aNK
2025-09-07,The Irishman,2019,https://boxd.it/dYOq
2025-09-07,Casino,1995,https://boxd.it/2ads
2025-09-07,Black Mass,2015,https://boxd.it/7K2g
2025-09-07,Scarface,1983,https://boxd.it/2b7g
2025-09-07,Scarface,1932,https://boxd.it/29oa
2025-09-07,Pulp Fiction,1994,https://boxd.it/29Pq
2025-09-07,The Many Saints of Newark,2021,https://boxd.it/j356
2025-09-07,Once Upon a Time in America,1984,https://boxd.it/2aCs
2025-09-07,Donnie Brasco,1997,https://boxd.it/1YRA
2025-09-07,Carlito's Way,1993,https://boxd.it/226e
2025-09-07,Gotti,2018,https://boxd.it/bgyk
2025-09-07,The Departed,2006,https://boxd.it/28MA
2025-09-07,City of God,2002,https://boxd.it/2a2a
2025-09-07,Mean Streets,1973,https://boxd.it/2aSU
2025-09-07,A Bronx Tale,1993,https://boxd.it/28uQ
2025-09-07,The Godfather Part II,1974,https://boxd.it/2aNq
2025-09-07,American Gangster,2007,https://boxd.it/23wi
2025-09-07,Reservoir Dogs,1992,https://boxd.it/2agc
2025-09-07,The Untouchables,1987,https://boxd.it/2b6i
2025-09-07,Drive,2011,https://boxd.it/IG
2025-09-07,Gotti,1996,https://boxd.it/1Nos
2025-09-07,The Godfather Part III,1990,https://boxd.it/2aN6
2025-09-07,Jackie Brown,1997,https://boxd.it/2aVO
2025-09-07,Baby Driver,2017,https://boxd.it/bhF2
2025-09-07,Collateral,2004,https://boxd.it/28F0
2025-09-07,No Country for Old Men,2007,https://boxd.it/21ew
2025-09-07,Léon: The Professional,1994,https://boxd.it/2b8S
2025-09-07,American Hustle,2013,https://boxd.it/5dz8
2025-09-07,L.A. Confidential,1997,https://boxd.it/27oC
2025-09-07,Once Upon a Time in Mexico,2003,https://boxd.it/28LM
2025-09-07,Big Fish,2003,https://boxd.it/2a3M
2025-09-07,The Curious Case of Benjamin Button,2008,https://boxd.it/23Fk
2025-09-07,Magnolia,1999,https://boxd.it/2aze
2025-09-07,Mr. Nobody,2009,https://boxd.it/1k44
2025-09-07,The Truman Show,1998,https://boxd.it/18U8
2025-09-07,Boyhood,2014,https://boxd.it/3178
2025-09-07,Forrest Gump,1994,https://boxd.it/728
2025-09-07,"Paris, Texas",1984,https://boxd.it/29Ts
2025-09-07,Life Is Beautiful,1997,https://boxd.it/29Wm
2025-09-07,Vanilla Sky,2001,https://boxd.it/27TK
2025-09-07,Donnie Darko,2001,https://boxd.it/2b2A
2025-09-07,Eternal Sunshine of the Spotless Mind,2004,https://boxd.it/6YK
2025-09-07,"Synecdoche, New York",2008,https://boxd.it/23zw
2025-09-07,The Butterfly Effect,2004,https://boxd.it/27M0
2025-09-07,I'm Thinking of Ending Things,2020,https://boxd.it/i4IQ
2025-09-07,Her,2013,https://boxd.it/4O24
2025-09-07,Primer,2004,https://boxd.it/6YA
2025-09-07,Everything Everywhere All at Once,2022,https://boxd.it/jUk4
2025-09-07,Tenet,2020,https://boxd.it/leq4
2025-09-07,The Notebook,2004,https://boxd.it/1UNE
2025-09-07,Interstellar,2014,https://boxd.it/4VZ8
2025-09-07,Inception,2010,https://boxd.it/1skk
2025-09-07,Before Sunset,2004,https://boxd.it/2bcg
2025-09-07,Blade Runner 2049,2017,https://boxd.it/b8wK
2025-09-07,Mulholland Drive,2001,https://boxd.it/297o
2025-09-07,American Beauty,1999,https://boxd.it/71Y
2025-09-07,Citizen Kane,1941,https://boxd.it/71O
2025-09-07,Being John Malkovich,1999,https://boxd.it/2ahu
2025-09-07,(500) Days of Summer,2009,https://boxd.it/1EmM
2025-09-07,Saw,2004,https://boxd.it/2aWW
2025-09-07,Saw II,2005,https://boxd.it/2aRs
2025-09-07,Saw III,2006,https://boxd.it/2aRC
2025-09-07,Saw IV,2007,https://boxd.it/29Sa
2025-09-07,Saw V,2008,https://boxd.it/1SMa
2025-09-07,Saw VI,2009,https://boxd.it/1A2y
2025-09-07,The Texas Chainsaw Massacre,2003,https://boxd.it/1YQs
2025-09-07,The Midnight Meat Train,2008,https://boxd.it/1WSw
2025-09-07,Se7en,1995,https://boxd.it/29zs
2025-09-07,The Ring,2002,https://boxd.it/2a70
2025-09-07,The Silence of the Lambs,1991,https://boxd.it/2aHW
2025-09-07,Hannibal,2001,https://boxd.it/1XVc
2025-09-07,Psycho,1960,https://boxd.it/2ab2
2025-09-07,The Shining,1980,https://boxd.it/29Nu
2025-09-07,Orphan,2009,https://boxd.it/1CgM
2025-09-07,The Blair Witch Project,1999,https://boxd.it/26ua
2025-09-07,2001: A Space Odyssey,1968,https://boxd.it/2bf0
2025-09-07,A Clockwork Orange,1971,https://boxd.it/2aVE
2025-09-07,Eyes Wide Shut,1999,https://boxd.it/2axs
2025-09-07,Full Metal Jacket,1987,https://boxd.it/2a1Q
2025-09-07,Lolita,1962,https://boxd.it/29Ag
2025-09-07,Fight Club,1999,https://boxd.it/2a9q
2025-09-07,Joker,2019,https://boxd.it/h4cS
2025-09-07,American Psycho,2000,https://boxd.it/28Vs
2025-09-07,Blue Velvet,1986,https://boxd.it/29BI
2025-09-07,Oldboy,2003,https://boxd.it/29R2
2025-09-07,American History X,1998,https://boxd.it/2bdo
2025-09-07,Nightcrawler,2014,https://boxd.it/780m
2025-09-07,Taxi Driver,1976,https://boxd.it/2b8y
2025-09-07,Poor Things,2023,https://boxd.it/tNWU
2025-09-07,One Flew Over the Cuckoo's Nest,1975,https://boxd.it/2aeA
2025-09-07,The Wolf of Wall Street,2013,https://boxd.it/3C1m
2025-09-07,Shutter Island,2010,https://boxd.it/1U82
2025-09-07,Killers of the Flower Moon,2023,https://boxd.it/gHp0
2025-09-07,After Hours,1985,https://boxd.it/1VfS
2025-09-07,Raging Bull,1980,https://boxd.it/28yI
2025-09-07,The King of Comedy,1982,https://boxd.it/2aJS
2025-09-07,Gangs of New York,2002,https://boxd.it/25FG
2025-09-07,Silence,2016,https://boxd.it/2cAo
2025-09-07,The Aviator,2004,https://boxd.it/26BU
2025-09-07,The Age of Innocence,1993,https://boxd.it/1WgM
2025-09-07,Cape Fear,1991,https://boxd.it/28vu
2025-09-07,"New York, New York",1977,https://boxd.it/1Rw6
2025-09-07,Kundun,1997,https://boxd.it/1XUe
2025-09-07,Revolutionary Road,2008,https://boxd.it/24Le
2025-09-07,Pride & Prejudice,2005,https://boxd.it/24u8
2025-09-07,Sense and Sensibility,1995,https://boxd.it/244E
2025-09-07,The Danish Girl,2015,https://boxd.it/9Ohy
2025-09-07,Vicky Cristina Barcelona,2008,https://boxd.it/23rW
2025-09-07,The Great Gatsby,2013,https://boxd.it/JY
2025-09-07,Call Me by Your Name,2017,https://boxd.it/dYmm
2025-09-07,The Hours,2002,https://boxd.it/2a3s
2025-09-07,Normal People,2020,https://boxd.it/q2VY
2025-09-07,Before Sunrise,1995,https://boxd.it/2bcU
2025-09-07,Malena,2000,https://boxd.it/1Vc0
2025-09-07,Flipped,2010,https://boxd.it/Tb8
2025-09-07,A Walk to Remember,2002,https://boxd.it/1WLq
2025-09-07,The Perks of Being a Wallflower,2012,https://boxd.it/2ZA8
2025-09-07,What's Eating Gilbert Grape,1993,https://boxd.it/28xg
2025-09-07,Something Borrowed,2011,https://boxd.it/H3Q
2025-09-07,Notting Hill,1999,https://boxd.it/2aeK
2025-09-07,P.S. I Love You,2007,https://boxd.it/229C
2025-09-07,Casablanca,1942,https://boxd.it/2aG0
2025-09-07,Inglourious Basterds,2009,https://boxd.it/1JzG
2025-09-07,Darkest Hour,2017,https://boxd.it/dZZa
2025-09-07,The Lives of Others,2006,https://boxd.it/2a4A
2025-09-07,Saving Private Ryan,1998,https://boxd.it/29ro
2025-09-07,1917,2019,https://boxd.it/jj4y
2025-09-07,The Imitation Game,2014,https://boxd.it/6aig
2025-09-07,Band of Brothers,2001,https://boxd.it/aRNY
2025-09-07,All Quiet on the Western Front,2022,https://boxd.it/H08
2025-09-07,Dunkirk,2017,https://boxd.it/d0Y6
2025-09-07,American Sniper,2014,https://boxd.it/5LDy
2025-09-07,Come and See,1985,https://boxd.it/1w9q
2025-09-07,Downfall,2004,https://boxd.it/2a04
2025-09-07,Schindler's List,1993,https://boxd.it/2aq2
2025-09-07,Django Unchained,2012,https://boxd.it/2cCk
2025-09-07,Kingsman: The Secret Service,2014,https://boxd.it/6dxe
2025-09-07,Skyfall,2012,https://boxd.it/17Fc
2025-09-07,Suicide Squad,2016,https://boxd.it/9row
2025-09-07,Batman Begins,2005,https://boxd.it/2aIg
2025-09-07,The Dark Knight,2008,https://boxd.it/2b0k
2025-09-07,The Dark Knight Rises,2012,https://boxd.it/H3m
2025-09-07,Oppenheimer,2023,https://boxd.it/wUow
2025-09-07,Memento,2000,https://boxd.it/2bcK
2025-09-07,The Prestige,2006,https://boxd.it/293w
2025-09-07,Insomnia,2002,https://boxd.it/2aB0
2025-09-07,Gone Girl,2014,https://boxd.it/6hQu
2025-09-07,Fracture,2007,https://boxd.it/220K
2025-09-07,Dirty Harry,1971,https://boxd.it/299E
2025-09-07,Basic Instinct,1992,https://boxd.it/2asM
2025-09-07,Eraserhead,1977,https://boxd.it/299u
2025-09-07,The Elephant Man,1980,https://boxd.it/27LQ
2025-09-07,Inland Empire,2006,https://boxd.it/28d6
2025-09-07,Twin Peaks: Fire Walk with Me,1992,https://boxd.it/27Qw
2025-09-07,Twin Peaks: The Return,2017,https://boxd.it/hN9O
2025-09-07,Twin Peaks,1989,https://boxd.it/g8pk
2025-09-07,Once Upon a Time... in Hollywood,2019,https://boxd.it/gH0O
2025-09-07,Heat,1995,https://boxd.it/2bg8
2025-09-07,The Devil's Advocate,1997,https://boxd.it/286k
2025-09-07,House of Gucci,2021,https://boxd.it/nVkC
2025-09-07,Dog Day Afternoon,1975,https://boxd.it/29bg
2025-09-07,Scent of a Woman,1992,https://boxd.it/1YAu
2025-09-07,Serpico,1973,https://boxd.it/1ZjE
2025-09-07,The Panic in Needle Park,1971,https://boxd.it/1rwu
2025-09-07,The Irishman: In Conversation,2019,https://boxd.it/odsY
2025-09-07,Back to the Future,1985,https://boxd.it/2b8e
2025-09-07,Lawrence of Arabia,1962,https://boxd.it/2wRE
2025-09-07,Spirited Away,2001,https://boxd.it/2b4m
2025-09-07,The Shawshank Redemption,1994,https://boxd.it/2aHi
2025-09-07,Mad Max: Fury Road,2015,https://boxd.it/2DjO
2025-09-07,12 Angry Men,1957,https://boxd.it/2auI
2025-09-07,Good Will Hunting,1997,https://boxd.it/2ahY
2025-09-07,Titanic,1997,https://boxd.it/2a2k
2025-09-07,Requiem for a Dream,2000,https://boxd.it/29VI
2025-09-07,Amadeus,1984,https://boxd.it/2aH8
2025-09-07,There Will Be Blood,2007,https://boxd.it/20Z2
2025-09-07,Groundhog Day,1993,https://boxd.it/2b3e
2025-09-07,Star Wars,1977,https://boxd.it/72s
2025-09-07,Vertigo,1958,https://boxd.it/2apI
2025-09-07,The Grand Budapest Hotel,2014,https://boxd.it/3ZqO
2025-09-07,The Exorcist,1973,https://boxd.it/1Yoo
2025-09-07,The Pursuit of Happyness,2006,https://boxd.it/28PE
2025-09-07,The Empire Strikes Back,1980,https://boxd.it/27Vw
2025-09-07,Parasite,2019,https://boxd.it/hTha
2025-09-07,Whiplash,2014,https://boxd.it/7bQA
2025-09-07,Home Alone,1990,https://boxd.it/29Fg
2025-09-07,Dead Poets Society,1989,https://boxd.it/2aSg
2025-09-07,My Cousin Vinny,1992,https://boxd.it/1WpO
2025-09-07,The Social Network,2010,https://boxd.it/17ue
2025-09-07,The Usual Suspects,1995,https://boxd.it/29XE
2025-09-07,Catch Me If You Can,2002,https://boxd.it/29VS
2025-09-07,Manchester by the Sea,2016,https://boxd.it/b2L0
2025-09-07,Stalker,1979,https://boxd.it/28PO
2025-09-07,The Sixth Sense,1999,https://boxd.it/29Js
2025-09-07,Gladiator,2000,https://boxd.it/2b9m
2025-09-07,Kill Bill: Vol. 1,2003,https://boxd.it/70w
2025-09-07,Training Day,2001,https://boxd.it/27A4
2025-09-07,The Secret Life of Walter Mitty,2013,https://boxd.it/3SWy
2025-09-07,Speed,1994,https://boxd.it/28qk
2025-09-07,Trainspotting,1996,https://boxd.it/29XY
2025-09-07,The Lord of the Rings: The Fellowship of the Ring,2001,https://boxd.it/2b5O
2025-09-07,Braveheart,1995,https://boxd.it/2aTI
2025-09-07,Rain Man,1988,https://boxd.it/2avw
2025-09-07,WALL·E,2008,https://boxd.it/1VEo
2025-09-07,Rosemary's Baby,1968,https://boxd.it/29zM
2025-09-07,A Star Is Born,2018,https://boxd.it/aXgc
2025-09-07,Chinatown,1974,https://boxd.it/29vU
2025-09-07,The Green Mile,1999,https://boxd.it/2agG
2025-09-07,Ex Machina,2015,https://boxd.it/7T2k
2025-09-07,Snatch,2000,https://boxd.it/2b7U
2025-09-07,Apocalypse Now,1979,https://boxd.it/6ZS
2025-09-07,"The Good, the Bad and the Ugly",1966,https://boxd.it/2ape
2025-09-07,The Pianist,2002,https://boxd.it/2aqc
2025-09-07,Lost in Translation,2003,https://boxd.it/2b0E
2025-09-07,Birdman or (The Unexpected Virtue of Ignorance),2014,https://boxd.it/5RFA
2025-09-07,The Fast and the Furious,2001,https://boxd.it/1XMu
2025-09-07,Adaptation.,2002,https://boxd.it/26mA
2025-09-07,Pirates of the Caribbean: The Curse of the Black Pearl,2003,https://boxd.it/70G
2025-09-07,Into the Wild,2007,https://boxd.it/22m2
2025-09-07,A Beautiful Mind,2001,https://boxd.it/2amk
2025-09-07,Solaris,1972,https://boxd.it/2a2Y
2025-09-07,Kramer vs. Kramer,1979,https://boxd.it/h0w
2025-09-07,The Conversation,1974,https://boxd.it/2a38
2025-09-07,The Deer Hunter,1978,https://boxd.it/1T6O
2025-09-07,The Game,1997,https://boxd.it/26vC
2025-09-07,Twelve Monkeys,1995,https://boxd.it/2beQ
2025-09-07,Enter the Dragon,1973,https://boxd.it/1YCA
2025-09-07,Dumb and Dumber,1994,https://boxd.it/206m
2025-09-07,Black Swan,2010,https://boxd.it/Sw0
2025-09-07,3 Idiots,2009,https://boxd.it/1Dsa
2025-09-07,Million Dollar Baby,2004,https://boxd.it/2bdI
2025-09-07,"Girl, Interrupted",1999,https://boxd.it/25ds
2025-09-07,A Few Good Men,1992,https://boxd.it/29nw
2025-09-07,Marriage Story,2019,https://boxd.it/hJAw
2025-09-07,V for Vendetta,2005,https://boxd.it/29Ik
2025-09-07,Ocean's Eleven,2001,https://boxd.it/2aZm
2025-09-07,The Devil Wears Prada,2006,https://boxd.it/2awE
2025-09-07,Arrival,2016,https://boxd.it/aNGk
2025-09-07,The Bucket List,2007,https://boxd.it/20Ye
2025-09-07,The Mummy,1999,https://boxd.it/2a7a
2025-09-07,Star Wars: Episode III – Revenge of the Sith,2005,https://boxd.it/27US
2025-09-07,Knives Out,2019,https://boxd.it/jWEA
2025-09-07,The Big Lebowski,1998,https://boxd.it/2b6C
2025-09-07,The Lord of the Rings: The Two Towers,2002,https://boxd.it/2b5E
2025-09-07,The Substance,2024,https://boxd.it/zanS
2025-09-07,Brazil,1985,https://boxd.it/2be2
2025-09-07,The Lobster,2015,https://boxd.it/7tnw
2025-09-07,The Favourite,2018,https://boxd.it/d2hI
2025-09-07,Annie Hall,1977,https://boxd.it/29M2
2025-09-07,The Killing of a Sacred Deer,2017,https://boxd.it/dZ5G
2025-09-07,Okja,2017,https://boxd.it/dvXe
2025-09-07,Insidious,2010,https://boxd.it/H4k
2025-09-07,Adolescence,2025,https://boxd.it/TFGw
2025-09-07,The 40 Year Old Virgin,2005,https://boxd.it/21hK
2025-09-07,The Zone of Interest,2023,https://boxd.it/gJsA
2025-09-07,The Theory of Everything,2014,https://boxd.it/7YtA
2025-09-07,The Matrix Reloaded,2003,https://boxd.it/2a1c
2025-09-07,The Platform,2019,https://boxd.it/mUm6
2025-09-07,mother!,2017,https://boxd.it/dgRU
2025-09-07,Hacksaw Ridge,2016,https://boxd.it/azew
2025-09-07,Pirates of the Caribbean: On Stranger Tides,2011,https://boxd.it/27Z4
2025-09-07,The Boy in the Striped Pyjamas,2008,https://boxd.it/1NOK
2025-09-07,50 First Dates,2004,https://boxd.it/285c
2025-09-07,Cast Away,2000,https://boxd.it/20i8
2025-09-07,Borat: Cultural Learnings of America for Make Benefit Glorious Nation of Kazakhstan,2006,https://boxd.it/2agQ
2025-09-07,Snowpiercer,2013,https://boxd.it/3Icg
2025-09-07,The Fault in Our Stars,2014,https://boxd.it/6BQa
2025-09-07,Back to the Future Part III,1990,https://boxd.it/2aTS
2025-09-07,The Cabin in the Woods,2011,https://boxd.it/1zOc
2025-09-07,I Am Legend,2007,https://boxd.it/21DG
2025-09-07,The Big Short,2015,https://boxd.it/ajZw
2025-09-07,Ted,2012,https://boxd.it/2pgc
2025-09-07,Now You See Me,2013,https://boxd.it/2Bsu
2025-09-07,Silver Linings Playbook,2012,https://boxd.it/2TTo
2025-09-07,Gravity,2013,https://boxd.it/GZY
2025-09-07,Night at the Museum,2006,https://boxd.it/28wi
2025-09-07,Bird Box,2018,https://boxd.it/eh1i
2025-09-07,Venom,2018,https://boxd.it/b8wA
2025-09-07,Pirates of the Caribbean: Dead Man's Chest,2006,https://boxd.it/2bfk
2025-09-07,Prisoners,2013,https://boxd.it/4E5i
2025-09-07,The Revenant,2015,https://boxd.it/8H5e
2025-09-07,John Wick,2014,https://boxd.it/7dEc
2025-09-07,Uncut Gems,2019,https://boxd.it/gXGc
2025-09-07,Zodiac,2007,https://boxd.it/27MO
2025-09-07,Split,2016,https://boxd.it/dgSy
2025-09-07,Star Wars: Episode I – The Phantom Menace,1999,https://boxd.it/27Vc
2025-09-07,Bohemian Rhapsody,2018,https://boxd.it/f1TK
2025-09-07,Don't Look Up,2021,https://boxd.it/o0Hc
2025-09-07,Return of the Jedi,1983,https://boxd.it/27Vm
2025-09-07,The Martian,2015,https://boxd.it/8SeG
2025-09-07,It,2017,https://boxd.it/bC8e
2025-09-07,Spider-Man,2002,https://boxd.it/2a8i
2025-09-07,Iron Man,2008,https://boxd.it/28dA
2025-09-07,Star Wars: The Force Awakens,2015,https://boxd.it/4vru
2025-09-07,Avengers: Infinity War,2018,https://boxd.it/9vEe
2025-09-07,A Time to Kill,1996,https://boxd.it/28pc
2025-09-07,Anatomy of a Fall,2023,https://boxd.it/yuDE
2025-09-07,8 Mile,2002,https://boxd.it/2bew
2025-09-07,Liar Liar,1997,https://boxd.it/28sg
2025-09-07,Constantine,2005,https://boxd.it/2a7E
2025-09-07,Face/Off,1997,https://boxd.it/29I0
2025-09-07,The King's Speech,2010,https://boxd.it/dX0
2025-09-07,Argo,2012,https://boxd.it/2czU
2025-09-07,Unforgiven,1992,https://boxd.it/6Z4
2025-09-07,300,2006,https://boxd.it/28XI
2025-09-07,12 Years a Slave,2013,https://boxd.it/2D2e
2025-09-07,Agora,2009,https://boxd.it/1tVc
2025-09-07,Primal Fear,1996,https://boxd.it/28ws
2025-09-07,Fear and Loathing in Las Vegas,1998,https://boxd.it/27Xs
2025-09-07,Silent Hill,2006,https://boxd.it/2a3C
2025-09-07,Glass,2019,https://boxd.it/g3uO
2025-09-07,The Bridges of Madison County,1995,https://boxd.it/29Os
2025-09-07,Doubt,2008,https://boxd.it/1OfQ
2025-09-08,Chernobyl,2019,https://boxd.it/mkbG
2025-09-08,The Reader,2008,https://boxd.it/20Dq
2025-09-08,The Two Popes,2019,https://boxd.it/k8Xk
2025-09-08,Gangs of Wasseypur – Part 1,2012,https://boxd.it/3UHK
2025-09-08,Gangs of Wasseypur – Part 2,2012,https://boxd.it/497i
2025-09-08,Gangs of Wasseypur - Making Uncut -  The Roots of Revenge from Wasseypur,2013,https://boxd.it/qnLK
2025-09-08,Paanch,2003,https://boxd.it/5fE
2025-09-08,Paan Singh Tomar,2012,https://boxd.it/3l28
2025-09-08,Dhobi Ghat,2010,https://boxd.it/tae
2025-09-08,1408,2007,https://boxd.it/25Vu
2025-09-08,The Woman in Black,2012,https://boxd.it/4wu
2025-09-08,Paranormal Activity,2007,https://boxd.it/1yIM
2025-09-08,Gerald's Game,2017,https://boxd.it/buKa
2025-09-08,Predestination,2014,https://boxd.it/6bJM
2025-09-08,Looper,2012,https://boxd.it/ham
2025-09-08,Alita: Battle Angel,2019,https://boxd.it/e0rS
2025-09-08,Wanted,2008,https://boxd.it/1ZBS
2025-09-08,Lucky Number Slevin,2006,https://boxd.it/2aVu
2025-09-08,Butch Cassidy and the Sundance Kid,1969,https://boxd.it/29Vy
2025-09-08,"Lock, Stock and Two Smoking Barrels",1998,https://boxd.it/2b92
2025-09-08,For a Few Dollars More,1965,https://boxd.it/29eu
2025-09-08,Hotel Rwanda,2004,https://boxd.it/2aSA
2025-09-08,Rush,2013,https://boxd.it/3lyS
2025-09-08,Ford v Ferrari,2019,https://boxd.it/ce74
2025-09-08,Blow,2001,https://boxd.it/24Mm
2025-09-08,The Master,2012,https://boxd.it/2cBG
2025-09-08,Pink Floyd: The Wall,1982,https://boxd.it/1Sxk
2025-09-08,The Room,2003,https://boxd.it/1ICY
2025-09-08,The Graduate,1967,https://boxd.it/18Im
2025-09-08,Contagion,2011,https://boxd.it/13rq
2025-09-08,2012,2009,https://boxd.it/1OE2
2025-09-08,Let the Right One In,2008,https://boxd.it/1Qr0
2025-09-08,Taken 3,2014,https://boxd.it/7Iqq
2025-09-08,Dazed and Confused,1993,https://boxd.it/1Ylk
2025-09-08,50/50,2011,https://boxd.it/10Tw
2025-09-08,Pineapple Express,2008,https://boxd.it/1WRS
2025-09-08,Red Dragon,2002,https://boxd.it/1Yrs
2025-09-08,Something's Gotta Give,2003,https://boxd.it/21gC
2025-09-08,The Remains of the Day,1993,https://boxd.it/291A
2025-09-08,Mad Max,1979,https://boxd.it/1Y7i
2025-09-08,Mad Max 2,1981,https://boxd.it/1ZPg
2025-09-08,Mad Max Beyond Thunderdome,1985,https://boxd.it/1YTm
2025-09-08,28 Days Later,2002,https://boxd.it/2aXU
2025-09-08,As Good as It Gets,1997,https://boxd.it/268y
2025-09-08,Dallas Buyers Club,2013,https://boxd.it/4O8G
2025-09-08,Star Wars: Episode II – Attack of the Clones,2002,https://boxd.it/27V2
2025-09-08,Star Wars: The Last Jedi,2017,https://boxd.it/5xme
2025-09-08,Star Wars: The Rise of Skywalker,2019,https://boxd.it/5xlK
2025-09-08,Rogue One: A Star Wars Story,2016,https://boxd.it/aPvy
2025-09-08,Solo: A Star Wars Story,2018,https://boxd.it/bGWs
2025-09-08,The Transporter,2002,https://boxd.it/24Nu
2025-09-08,Three Colours: Blue,1993,https://boxd.it/2b7K
2025-09-08,Moonlight,2016,https://boxd.it/d6bE
2025-09-08,Dumb and Dumber To,2014,https://boxd.it/3qPk
2025-09-08,Borat Subsequent Moviefilm: Delivery of Prodigious Bribe to American Regime for Make Benefit Once Glorious Nation of Kazakhstan,2020,https://boxd.it/rNS0
2025-09-08,The Number 23,2007,https://boxd.it/258C
2025-09-08,Sleepy Hollow,1999,https://boxd.it/26u0
2025-09-08,Lemony Snicket's A Series of Unfortunate Events,2004,https://boxd.it/1T7s
2025-09-08,I Know What You Did Last Summer,1997,https://boxd.it/2588
2025-09-08,The Girl Next Door,2004,https://boxd.it/1VSq
2025-09-08,American Pie,1999,https://boxd.it/27qy
2025-09-08,American Pie 2,2001,https://boxd.it/26kO
2025-09-08,American Pie Presents: The Naked Mile,2006,https://boxd.it/20qG
2025-09-08,American Pie Presents: The Book of Love,2009,https://boxd.it/1uwC
2025-09-08,The Crush,1993,https://boxd.it/1fy4
2025-09-08,Jacob's Ladder,1990,https://boxd.it/270g
2025-09-08,The Omen,2006,https://boxd.it/29zC
2025-09-08,Mud,2012,https://boxd.it/3wPA
2025-09-08,The Exorcism of Emily Rose,2005,https://boxd.it/200I
2025-09-08,The Lincoln Lawyer,2011,https://boxd.it/DRM
2025-09-08,Contact,1997,https://boxd.it/29OM
2025-09-08,Avatar,2009,https://boxd.it/1Efm
2025-09-08,Anaconda,1997,https://boxd.it/1YSy
2025-09-08,Passengers,2016,https://boxd.it/8lFu
2025-09-08,Snowden,2016,https://boxd.it/9CWO
2025-09-08,Bridge of Spies,2015,https://boxd.it/9n9C
2025-09-08,The Most Hated Woman in America,2017,https://boxd.it/e7fE
2025-09-08,Pacific Rim,2013,https://boxd.it/2cB2
2025-09-08,The Karate Kid,2010,https://boxd.it/15HA
2025-09-08,The Dictator,2012,https://boxd.it/2DEW
2025-09-09,Awakenings,1990,https://boxd.it/1USu
2025-09-09,Tropic Thunder,2008,https://boxd.it/20WM
2025-09-09,The Interview,2014,https://boxd.it/6KQ4
2025-09-09,The Lord of the Rings: The Return of the King,2003,https://boxd.it/2b5u
2025-09-09,8:46,2020,https://boxd.it/qL5e
2025-09-09,Blade Runner,1982,https://boxd.it/2bcA
2025-09-09,Kill Bill: Vol. 2,2004,https://boxd.it/2au4
2025-09-09,Misery,1990,https://boxd.it/28gY
2025-09-09,Shane Gillis: Beautiful Dogs,2023,https://boxd.it/Ijri
2025-09-09,Room in Rome,2010,https://boxd.it/HX0
2025-09-09,The Expendables,2010,https://boxd.it/1rtA
2025-09-09,Deep Blue Sea,1999,https://boxd.it/1ZBo
2025-09-09,Never Back Down,2008,https://boxd.it/207E
2025-09-09,Insidious: Chapter 2,2013,https://boxd.it/3dqc
2025-09-09,Legend,2015,https://boxd.it/8qZY
2025-09-09,DAHMER - Monster: The Jeffrey Dahmer Story,2022,https://boxd.it/CRG0
2025-09-09,T2 Trainspotting,2017,https://boxd.it/5vTA
2025-09-09,Blood Diamond,2006,https://boxd.it/28Tm
2025-09-09,Dave Chappelle: Sticks & Stones,2019,https://boxd.it/n8fy
2025-09-09,Squid Game,2021,https://boxd.it/x1OG
2025-09-09,Get Out,2017,https://boxd.it/eOCm
2025-09-09,Bandit Queen,1994,https://boxd.it/1NoC
2025-09-09,The Fast and the Furious: Tokyo Drift,2006,https://boxd.it/1Yeo
2025-09-09,Fast & Furious,2009,https://boxd.it/1Pnm
2025-09-09,Furious 7,2015,https://boxd.it/5cVs
2025-09-09,Limitless,2011,https://boxd.it/Aly
2025-09-09,Pi,1998,https://boxd.it/2ajq
2025-09-10,Nick of Time,1995,https://boxd.it/27ts
2025-09-10,La Haine,1995,https://boxd.it/2as8
2025-09-10,Midnight Cowboy,1969,https://boxd.it/25Hi
2025-09-10,Icarus,2017,https://boxd.it/fmje
2025-09-10,K-PAX,2001,https://boxd.it/2aYo
2025-09-10,The Matrix Revolutions,2003,https://boxd.it/2a12
2025-09-10,Creep,2014,https://boxd.it/7l4c
2025-09-11,"Salò, or the 120 Days of Sodom",1975,https://boxd.it/237s
2025-09-11,The Matrix,1999,https://boxd.it/2a1m
2025-09-11,It's What's Inside,2024,https://boxd.it/DOV4
2025-09-11,Red Eye,2005,https://boxd.it/1TNy
2025-09-11,Leave the World Behind,2023,https://boxd.it/re0i
2025-09-11,Paradise,2023,https://boxd.it/H7co
2025-09-11,Mirage,2018,https://boxd.it/jeOm
2025-09-11,The Woman in the Window,2021,https://boxd.it/iT56
2025-09-11,Horse Girl,2020,https://boxd.it/oioi
2025-09-11,Run,2020,https://boxd.it/jVM4
2025-09-11,Fractured,2019,https://boxd.it/kPL2
2025-09-11,Skins,2017,https://boxd.it/fsVI
2025-09-11,Old Dads,2023,https://boxd.it/Bk0o
2025-09-11,How High,2001,https://boxd.it/20fo
2025-09-11,Bridge to Terabithia,2007,https://boxd.it/28YG
2025-09-11,The Beach,2000,https://boxd.it/27T6
2025-09-11,Pirates of the Caribbean: At World's End,2007,https://boxd.it/2aGu
2025-09-11,A Woman Under the Influence,1974,https://boxd.it/1myg
2025-09-11,The Town,2010,https://boxd.it/1zyS
2025-09-11,A Nightmare on Elm Street,1984,https://boxd.it/2aw0
2025-09-11,The Firm,1993,https://boxd.it/18JY
2025-09-11,Wrong Turn,2003,https://boxd.it/1Xzq
2025-09-11,Wrong Turn 2: Dead End,2007,https://boxd.it/1QDA
2025-09-11,Wrong Turn 3: Left for Dead,2009,https://boxd.it/1yJ6
2025-09-12,Transformers,2007,https://boxd.it/280c
2025-09-12,Little Manhattan,2005,https://boxd.it/1JXS
2025-09-12,The Last King of Scotland,2006,https://boxd.it/28FE
2025-09-12,Anatomy of a Murder,1959,https://boxd.it/2baa
2025-09-12,Only Lovers Left Alive,2013,https://boxd.it/4O1U
2025-09-12,Risky Business,1983,https://boxd.it/1YUE
2025-09-12,Straw Dogs,1971,https://boxd.it/2982
2025-09-12,The Falling,2014,https://boxd.it/9jPE
2025-09-12,The Amityville Horror,2005,https://boxd.it/1Xb4
2025-09-12,The Grudge,2004,https://boxd.it/27Jq
2025-09-12,The Grudge 2,2006,https://boxd.it/27IW
2025-09-12,The Grudge 3,2009,https://boxd.it/27IC
2025-09-12,Teeth,2007,https://boxd.it/1QMM
2025-09-12,Pay It Forward,2000,https://boxd.it/1VJI
2025-09-13,Spotlight,2015,https://boxd.it/a84k
2025-09-13,X-Men Origins: Wolverine,2009,https://boxd.it/27ug
2025-09-13,All About Eve,1950,https://boxd.it/29LI
2025-09-14,The Hateful Eight,2015,https://boxd.it/8gw8
2025-09-15,Sinners,2025,https://boxd.it/KQMM
2025-09-15,Lagaan: Once Upon a Time in India,2001,https://boxd.it/1EII
2025-09-15,The Da Vinci Code,2006,https://boxd.it/2a3i
2025-09-15,Buffalo '66,1998,https://boxd.it/1YC6
2025-09-17,Boogie Nights,1997,https://boxd.it/23um
2025-09-17,Don Jon,2013,https://boxd.it/4sdk
2025-09-17,Little Women,1994,https://boxd.it/1YiU
2025-09-17,The Score,2001,https://boxd.it/1U0C
2025-09-18,The Banshees of Inisherin,2022,https://boxd.it/p7XS
2025-09-18,Babel,2006,https://boxd.it/292o
2025-09-18,George Carlin's American Dream,2022,https://boxd.it/ADUe
2025-09-18,The Long Goodbye,1973,https://boxd.it/281O
2025-09-18,Kung Fu Hustle,2004,https://boxd.it/1YBi
2025-09-18,Snake in the Eagle's Shadow,1978,https://boxd.it/1TC6
2025-09-18,The One,2001,https://boxd.it/1Vni
2025-09-18,Ghost Rider,2007,https://boxd.it/290M
2025-09-18,Meet the Spartans,2008,https://boxd.it/213S
2025-09-18,Zathura: A Space Adventure,2005,https://boxd.it/21mq
2025-09-18,Circle,2015,https://boxd.it/b5So
2025-09-21,The Brown Bunny,2003,https://boxd.it/1RnI
2025-09-22,Punch-Drunk Love,2002,https://boxd.it/20E4
2025-09-23,Baby's Day Out,1994,https://boxd.it/1Ume
2025-09-23,Sixteen Candles,1984,https://boxd.it/1MJk
2025-09-23,Licorice Pizza,2021,https://boxd.it/qTKY
2025-09-23,The Machinist,2004,https://boxd.it/248c
2025-09-23,Child's Play,1988,https://boxd.it/1VTo
2025-09-24,Midsommar,2019,https://boxd.it/jhxe
2025-09-25,Lost Highway,1997,https://boxd.it/29Wc
2025-09-26,The Piano Teacher,2001,https://boxd.it/2886
2025-09-26,Mysterious Skin,2004,https://boxd.it/1UsG
2025-09-26,The Holdovers,2023,https://boxd.it/vHza
2025-09-28,Malcolm X,1992,https://boxd.it/27WE
2025-09-28,Melancholia,2011,https://boxd.it/bPI
2025-09-29,Weapons,2025,https://boxd.it/EMTM
2025-09-29,All the President's Men,1976,https://boxd.it/29lU
2025-09-29,Cloud,2024,https://boxd.it/LhR0
2025-09-30,Possession,1981,https://boxd.it/1BPm
2025-10-01,Hereditary,2018,https://boxd.it/hNVe
2025-10-02,Antichrist,2009,https://boxd.it/1Inu
2025-10-03,Alien,1979,https://boxd.it/2awY
2025-10-04,Enter the Void,2009,https://boxd.it/1dy2
2025-10-06,Eddington,2025,https://boxd.it/o6MC
2025-10-07,The Lighthouse,2019,https://boxd.it/icFU
2025-10-08,The Witch,2015,https://boxd.it/9X0m
2025-10-09,All That Jazz,1979,https://boxd.it/1JB8
2025-10-11,The White Ribbon,2009,https://boxd.it/17eU
2025-10-12,Gummo,1997,https://boxd.it/1H0Y
2025-10-19,The Color of Money,1986,https://boxd.it/1SSM
2025-10-19,One Battle After Another,2025,https://boxd.it/DUHM
2025-10-19,21,2008,https://boxd.it/20BO
2025-10-20,Nashville,1975,https://boxd.it/25GE
2025-10-21,Dr. Strangelove or: How I Learned to Stop Worrying and Love the Bomb,1964,https://boxd.it/29eY
2025-10-21,Superbad,2007,https://boxd.it/20hO
2025-10-22,Climax,2018,https://boxd.it/ikvo
2025-10-26,Irreversible,2002,https://boxd.it/29as
2025-10-31,aka Charlie Sheen,2025,https://boxd.it/XwoG
2025-11-03,Caché,2005,https://boxd.it/2amY
2025-11-03,Funny Games,1997,https://boxd.it/1WKM
2025-11-03,Dogtooth,2009,https://boxd.it/158K
2025-11-04,In the Mood for Love,2000,https://boxd.it/29tE
2025-11-04,Anora,2024,https://boxd.it/Egcw
2025-11-06,Persona,1966,https://boxd.it/29B4
2025-11-06,No Regrets for Our Youth,1946,https://boxd.it/Um2
2025-11-06,The Conformist,1970,https://boxd.it/20cE
2025-11-07,Scandal,1950,https://boxd.it/1gG4
2025-11-08,Dogville,2003,https://boxd.it/2a8W
2025-11-08,Rashomon,1950,https://boxd.it/2a9K
2025-11-09,Yi Yi,2000,https://boxd.it/1vCw
2025-11-10,Ikiru,1952,https://boxd.it/251c
2025-11-13,Blow-Up,1966,https://boxd.it/2966
2025-11-13,Beau Is Afraid,2023,https://boxd.it/u2gE
2025-11-14,Alice Doesn't Live Here Anymore,1974,https://boxd.it/1KIa
2025-11-16,God Vulture and Human,2023,https://boxd.it/K6FU
2025-11-17,PlayTime,1967,https://boxd.it/1WLK
2025-11-17,The Wicker Man,1973,https://boxd.it/1KnG
2025-11-19,Memories of Murder,2003,https://boxd.it/1TSo
2025-11-19,Barry Lyndon,1975,https://boxd.it/25A2
2025-11-21,Seven Samurai,1954,https://boxd.it/2axi
2025-11-21,The House That Jack Built,2018,https://boxd.it/dWO4
2025-11-22,Shadows,1958,https://boxd.it/1M9c
2025-11-24,Nope,2022,https://boxd.it/sDCe
2025-11-24,Mirror,1975,https://boxd.it/28Q8
2025-11-25,La La Land,2016,https://boxd.it/a5fa
2025-11-26,Wild at Heart,1990,https://boxd.it/2aii
2025-11-26,Mickey 17,2025,https://boxd.it/q1Dk
2025-11-27,Cure,1997,https://boxd.it/1blA
2025-11-29,The Devil,1972,https://boxd.it/3iRC
2025-11-29,Tokyo Sonata,2008,https://boxd.it/1ZxQ
2025-12-01,Bugonia,2025,https://boxd.it/qeWY
2025-12-01,Carnival of Souls,1962,https://boxd.it/1KQ4
2025-12-01,Repulsion,1965,https://boxd.it/1TKu
2025-12-03,Throne of Blood,1957,https://boxd.it/251w
2025-12-04,"Clean, Shaven",1993,https://boxd.it/28IS
2025-12-05,Keane,2004,https://boxd.it/1Q7a
2025-12-08,Audition,1999,https://boxd.it/1UHm
2025-12-08,Amour,2012,https://boxd.it/34Q6
2025-12-09,Agra,2023,https://boxd.it/E4Ee
2025-12-09,Joyland,2022,https://boxd.it/AlzM
2025-12-14,Benny's Video,1992,https://boxd.it/27Hk
2025-12-14,25th Hour,2002,https://boxd.it/28LC
2025-12-14,Lady Bird,2017,https://boxd.it/dGNE
2025-12-14,BlacKkKlansman,2018,https://boxd.it/hxL8
2025-12-15,The Handmaiden,2016,https://boxd.it/948A
2025-12-15,Videodrome,1983,https://boxd.it/29uC
2025-12-15,The Brutalist,2024,https://boxd.it/k4BO
2025-12-15,Anthony Jeselnik: Fire in the Maternity Ward,2019,https://boxd.it/lRBK
2025-12-16,Dahomey,2024,https://boxd.it/FFBI
2025-12-17,Fallen Leaves,2023,https://boxd.it/Bgew
2025-12-18,Shadows in Paradise,1986,https://boxd.it/73A
2025-12-20,Ariel,1988,https://boxd.it/73K
2025-12-21,The Match Factory Girl,1990,https://boxd.it/20Je
2025-12-21,Mother and Son,1997,https://boxd.it/S96
2025-12-22,Autumn Sonata,1978,https://boxd.it/1Rio
2025-12-22,The Double Life of Véronique,1991,https://boxd.it/28va
2025-12-23,Cries and Whispers,1972,https://boxd.it/1WK8
2025-12-24,Phantom Thread,2017,https://boxd.it/e4uc
2025-12-25,Ocean's Twelve,2004,https://boxd.it/2aZ2
2025-12-25,Tokyo Godfathers,2003,https://boxd.it/1Qg2
2025-12-26,The Idiots,1998,https://boxd.it/2amu
2025-12-28,Yojimbo,1961,https://boxd.it/1SRY
2025-12-29,Sanjuro,1962,https://boxd.it/1TaQ
2025-12-29,The Seventh Continent,1989,https://boxd.it/1gB4
2025-12-30,Sentimental Value,2025,https://boxd.it/GwcG
2025-12-31,Train Dreams,2025,https://boxd.it/LdDo
2026-01-01,Before Midnight,2013,https://boxd.it/4ive
2026-01-01,If I Had Legs I'd Kick You,2025,https://boxd.it/HUtS
2026-01-02,No Other Choice,2025,https://boxd.it/nKiA
2026-01-03,It Was Just an Accident,2025,https://boxd.it/TX2k
2026-01-05,Sirāt,2025,https://boxd.it/HxJo
2026-01-06,"Sorry, Baby",2025,https://boxd.it/JKNi
2026-01-07,Blue Moon,2025,https://boxd.it/Nzwy
2026-01-08,Bring Her Back,2025,https://boxd.it/Hxlc
2026-01-10,Maharaj,2024,https://boxd.it/IoDe
2026-01-10,The Blue Trail,2025,https://boxd.it/IrKi
2026-01-12,Late Shift,2025,https://boxd.it/QgzO
2026-01-13,Murder Mindfully,2024,https://boxd.it/RV7S
2026-01-14,Time of the Wolf,2003,https://boxd.it/1y7w
2026-01-15,Good Time,2017,https://boxd.it/fcFu
2026-01-19,Ricky Gervais: SuperNature,2022,https://boxd.it/AKvK
2026-01-19,Ricky Gervais: Humanity,2018,https://boxd.it/ipiO
2026-01-19,Ricky Gervais: Armageddon,2023,https://boxd.it/JQgE
2026-01-22,The Secret Agent,2025,https://boxd.it/KkUE
2026-01-23,Killing Them Softly,2012,https://boxd.it/IQ
2026-01-23,Frankenstein,2025,https://boxd.it/Ecsg
2026-01-29,I Swear,2025,https://boxd.it/Og8k
2026-02-02,Damnation,1988,https://boxd.it/1E28
2026-02-03,The Seventh Seal,1957,https://boxd.it/2ahO
2026-02-04,My Dinner with Andre,1981,https://boxd.it/1vLe
2026-02-05,Grizzly Man,2005,https://boxd.it/2ag2
2026-02-06,High and Low,1963,https://boxd.it/1RSc
2026-02-08,Anomalisa,2015,https://boxd.it/97TE
2026-02-08,Inherent Vice,2014,https://boxd.it/5hla
2026-02-08,Hamnet,2025,https://boxd.it/woVy
2026-02-09,Werckmeister Harmonies,2000,https://boxd.it/1zzw
2026-02-10,Tangerine,2015,https://boxd.it/9QRe
2026-02-12,The Wailing,2016,https://boxd.it/9fLy
2026-02-13,Ran,1985,https://boxd.it/1Tlu
2026-02-15,Bleeder,1999,https://boxd.it/1HKs
2026-02-15,Babylon,2022,https://boxd.it/mM02
2026-02-15,Nowhere,1997,https://boxd.it/286E
2026-02-16,Om Shanti Om,2007,https://boxd.it/20zy
2026-02-16,The White Tiger,2021,https://boxd.it/nhg6
2026-02-16,Like Stars on Earth,2007,https://boxd.it/20SA
2026-02-16,Dangal,2016,https://boxd.it/chfU
2026-02-16,Jab We Met,2007,https://boxd.it/1T2W
2026-02-16,My Name Is Khan,2010,https://boxd.it/1uD4
2026-02-16,Devdas,2002,https://boxd.it/1Leq
2026-02-16,Bajrangi Bhaijaan,2015,https://boxd.it/bIbo
2026-02-16,Masaan,2015,https://boxd.it/b6x2
2026-02-16,Sholay,1975,https://boxd.it/1Saq
2026-02-16,Haider,2014,https://boxd.it/8E5A
2026-02-16,Dunki,2023,https://boxd.it/Ahr0
2026-02-16,Main Hoon Na,2004,https://boxd.it/1OHA
2026-02-16,Dev.D,2009,https://boxd.it/1L5I
2026-02-16,Drishyam,2015,https://boxd.it/bQgm
2026-02-16,Udaan,2010,https://boxd.it/PPe
2026-02-16,Ghajini,2008,https://boxd.it/1OP0
2026-02-16,Delhi Belly,2011,https://boxd.it/2gEk
2026-02-16,Mohabbatein,2000,https://boxd.it/1TFa
2026-02-16,Highway,2014,https://boxd.it/7pEy
2026-02-16,Student Of The Year,2012,https://boxd.it/4rkY
2026-02-16,Anand,1971,https://boxd.it/1uhM
2026-02-16,Tumbbad,2018,https://boxd.it/jDZk
2026-02-16,Maqbool,2003,https://boxd.it/1CbM
2026-02-16,Hazaaron Khwaishein Aisi,2003,https://boxd.it/1BI6
2026-02-16,Jab Tak Hai Jaan,2012,https://boxd.it/4iiu
2026-02-16,Hera Pheri,2000,https://boxd.it/1BBO
2026-02-16,Omkara,2006,https://boxd.it/1Ny8
2026-02-16,Jaane Tu... Ya Jaane Na,2008,https://boxd.it/1O2i
2026-02-16,Pink,2016,https://boxd.it/eEQo
2026-02-16,Ajab Prem Ki Ghazab Kahani,2009,https://boxd.it/1wUm
2026-02-16,Fanaa,2006,https://boxd.it/207O
2026-02-16,Ek Tha Tiger,2012,https://boxd.it/32Xk
2026-02-16,Welcome,2007,https://boxd.it/1DLc
2026-02-16,Badlapur,2015,https://boxd.it/avnO
2026-02-16,Tees Maar Khan,2010,https://boxd.it/O5Y
2026-02-16,Guru,2007,https://boxd.it/1Lyq
2026-02-16,Dil To Pagal Hai,1997,https://boxd.it/1OYG
2026-02-16,A Wednesday!,2008,https://boxd.it/1EFE
2026-02-16,Singham,2011,https://boxd.it/2t9a
2026-02-16,Rocket Singh: Salesman of the Year,2009,https://boxd.it/1t7m
2026-02-16,Hum Tum,2004,https://boxd.it/24BI
2026-02-16,Dabangg,2010,https://boxd.it/RZ6
2026-02-16,Bhoothnath,2008,https://boxd.it/1L6c
2026-02-16,Gulaal,2009,https://boxd.it/1BAw
2026-02-16,Ankhon Dekhi,2013,https://boxd.it/76UC
2026-02-16,Special 26,2013,https://boxd.it/59fS
2026-02-16,Hum Aapke Hain Koun..!,1994,https://boxd.it/NiC
2026-02-16,Mujhse Dosti Karoge!,2002,https://boxd.it/1uci
2026-02-16,Golmaal – Fun Unlimited,2006,https://boxd.it/1EI4
2026-02-16,Hum Dil De Chuke Sanam,1999,https://boxd.it/238g
2026-02-16,Vicky Donor,2012,https://boxd.it/3vYm
2026-02-16,I Hate Luv Storys,2010,https://boxd.it/10XI
2026-02-16,Ready,2011,https://boxd.it/2la
2026-02-16,Raajneeti,2010,https://boxd.it/177u
2026-02-16,7 Khoon Maaf,2011,https://boxd.it/plC
2026-02-16,Ghajini,2005,https://boxd.it/2hIM
2026-02-16,Mujhse Shaadi Karogi,2004,https://boxd.it/1Dos
2026-02-16,Karan Arjun,1995,https://boxd.it/3gl0
2026-02-16,Wanted,2009,https://boxd.it/1Aa8
2026-02-16,Mr. India,1987,https://boxd.it/YeQ
2026-02-16,Hungama,2003,https://boxd.it/1CiS
2026-02-16,Phir Bhi Dil Hai Hindustani,2000,https://boxd.it/3mxG
2026-02-16,While We Watched,2022,https://boxd.it/Cp0A
2026-02-16,Rehnaa Hai Terre Dil Mein,2001,https://boxd.it/NdW
2026-02-16,Saathiya,2002,https://boxd.it/1D6I
2026-02-16,Masoom,1983,https://boxd.it/1BRi
2026-02-16,Nayak: The Real Hero,2001,https://boxd.it/1frs
2026-02-16,Yuva,2004,https://boxd.it/Uy8
2026-02-16,Yes Boss,1997,https://boxd.it/2MPO
2026-02-16,Dhol,2007,https://boxd.it/1F8c
2026-02-16,Josh,2000,https://boxd.it/4hLq
2026-02-16,Vaastav,1999,https://boxd.it/4E8G
2026-02-16,Iqbal,2005,https://boxd.it/1BH8
2026-02-16,Kaal,2005,https://boxd.it/1E0G
2026-02-16,The Legend of Bhagat Singh,2002,https://boxd.it/1iU8
2026-02-16,Jaan-E-Mann,2006,https://boxd.it/isG
2026-02-16,Hum Tumhare Hain Sanam,2002,https://boxd.it/3bWU
2026-02-16,Aankhen,2002,https://boxd.it/1BdM
2026-02-16,Darna Mana Hai,2003,https://boxd.it/2ARI
2026-02-16,Chori Chori Chupke Chupke,2001,https://boxd.it/3Dls
2026-02-16,Kambakkht Ishq,2009,https://boxd.it/1VoA
2026-02-16,Chachi 420,1997,https://boxd.it/4lsC
2026-02-16,Sooryavansham,1999,https://boxd.it/5QWK
2026-02-16,Chamatkar,1992,https://boxd.it/QzQ
2026-02-16,Maine Pyaar Kyun Kiya?,2005,https://boxd.it/14cm
2026-02-16,Biwi No.1,1999,https://boxd.it/51KS
2026-02-16,Murder 2,2011,https://boxd.it/2v8I
2026-02-16,Gupt: The Hidden Truth,1997,https://boxd.it/2ltc
2026-02-16,Mann,1999,https://boxd.it/4Zy6
2026-02-16,Waqt,2005,https://boxd.it/1jgo
2026-02-16,Pyaar Kiya To Darna Kya,1998,https://boxd.it/PiE
2026-02-16,Dead Man,1995,https://boxd.it/29h4
2026-02-16,Chungking Express,1994,https://boxd.it/1UDa
2026-02-16,Hello Brother,1999,https://boxd.it/13Tk
2026-02-17,"Jeanne Dielman, 23, quai du Commerce, 1080 Bruxelles",1975,https://boxd.it/T18
2026-02-18,Marty Supreme,2025,https://boxd.it/Off0
2026-02-19,National Theatre Live: Fleabag,2019,https://boxd.it/mXOW
2026-02-19,Scenes from a Marriage,1974,https://boxd.it/4kJC
2026-02-20,Troy,2004,https://boxd.it/29TW
2026-02-20,Moneyball,2011,https://boxd.it/glS
2026-02-22,The Batman,2022,https://boxd.it/eDGs
2026-02-22,Under the Skin,2013,https://boxd.it/3mDa
2026-02-22,Hard Eight,1996,https://boxd.it/20DU
2026-02-22,Avengers: Endgame,2019,https://boxd.it/9vE4
2026-02-22,Harry Potter and the Deathly Hallows: Part 2,2011,https://boxd.it/1RYk
2026-02-23,Winter Sleep,2014,https://boxd.it/7Ua0
2026-02-23,Persona,2018,https://boxd.it/nBOM
2026-02-24,Shoplifters,2018,https://boxd.it/ifY6
2026-02-25,The Piano,1993,https://boxd.it/29Kq
2026-02-26,Pillion,2025,https://boxd.it/N6Pw
2026-02-27,Kagemusha,1980,https://boxd.it/1SGG
2026-02-27,Titane,2021,https://boxd.it/nlQC
2026-03-02,Black Girl,1966,https://boxd.it/3jIQ
2026-03-02,Triangle of Sadness,2022,https://boxd.it/hXlq
2026-03-03,What Happened Was...,1994,https://boxd.it/2WAk
2026-03-03,Judas and the Black Messiah,2021,https://boxd.it/lsew
2026-03-04,Stranger Than Paradise,1984,https://boxd.it/2ajU
2026-03-06,Jaws,1975,https://boxd.it/2a5e
2026-03-06,Do the Right Thing,1989,https://boxd.it/29gA
2026-03-07,Naked,1993,https://boxd.it/1BT4
2026-03-09,Network,1976,https://boxd.it/1VqG
2026-03-09,The Passion of Joan of Arc,1928,https://boxd.it/29DO
2026-03-10,2 Fast 2 Furious,2003,https://boxd.it/2a4g
2026-03-10,Once Upon a Time in Anatolia,2011,https://boxd.it/2yHG
2026-03-11,Tampopo,1985,https://boxd.it/1SZe
2026-03-13,Ferris Bueller's Day Off,1986,https://boxd.it/1YPY
2026-03-13,Lars and the Real Girl,2007,https://boxd.it/21tG
2026-03-13,Sherlock Holmes: A Game of Shadows,2011,https://boxd.it/k3S
2026-03-13,Code Unknown,2000,https://boxd.it/1kaw
2026-03-15,Mystery Train,1989,https://boxd.it/1Ub6
2026-03-15,Decision to Leave,2022,https://boxd.it/qp9e
2026-03-16,The Voice of Hind Rajab,2025,https://boxd.it/UXdO
2026-03-17,Incendies,2010,https://boxd.it/Msm
2026-03-18,The Last Temptation of Christ,1988,https://boxd.it/1ULe
2026-03-19,The Vanishing,1988,https://boxd.it/1ZTW
2026-03-20,Happiness,1998,https://boxd.it/1VEe
2026-03-21,Woman in the Dunes,1964,https://boxd.it/1JNS
2026-03-22,The Hunt,2012,https://boxd.it/3wEC
2026-03-22,Suspiria,1977,https://boxd.it/1SNW
2026-03-22,Sunset Boulevard,1950,https://boxd.it/2a20
2026-03-23,The Color of Pomegranates,1969,https://boxd.it/1u94
2026-03-24,The Battle of Algiers,1966,https://boxd.it/1IRY
2026-03-25,Viridiana,1961,https://boxd.it/24eE
2026-03-26,Metropolis,1927,https://boxd.it/71a
2026-03-27,Sound of Falling,2025,https://boxd.it/Km9K
2026-03-29,The Perfect Neighbor,2025,https://boxd.it/RSG6
2026-03-29,Capitalism: A Love Story,2009,https://boxd.it/1B62
2026-03-29,Holy Spider,2022,https://boxd.it/xBn2
2026-03-29,The Cremator,1969,https://boxd.it/1H8y
2026-03-29,Paths of Glory,1957,https://boxd.it/29b6
2026-03-30,Blow Out,1981,https://boxd.it/1TlE
2026-03-31,Friendship,2024,https://boxd.it/L6Dc
2026-04-01,Vortex,2021,https://boxd.it/uoni
2026-04-06,M,1931,https://boxd.it/29vq
2026-04-06,Is Raat Ki Subah Nahin,1996,https://boxd.it/aKPI
2026-04-07,Greener Grass,2019,https://boxd.it/jYoY
2026-04-07,Sorry to Bother You,2018,https://boxd.it/f21E
2026-04-07,I Am Cuba,1964,https://boxd.it/1hUQ
2026-04-08,Le Trou,1960,https://boxd.it/1nSw
2026-04-10,Diabolique,1955,https://boxd.it/29we
2026-04-11,Rear Window,1954,https://boxd.it/2a6Q
2026-04-13,Project Hail Mary,2026,https://boxd.it/pEeQ
2026-04-14,The Apartment,1960,https://boxd.it/2aGE
2026-04-15,Pusher,1996,https://boxd.it/27wG
2026-04-16,On the Silver Globe,1988,https://boxd.it/1sAM
2026-04-23,Heretic,2024,https://boxd.it/H1lY
2026-04-24,Double Indemnity,1944,https://boxd.it/297I
2026-04-25,TÁR,2022,https://boxd.it/uNIA
2026-04-26,The Bad Sleep Well,1960,https://boxd.it/1iLA
2026-04-27,Pan's Labyrinth,2006,https://boxd.it/28No
2026-04-28,Almost Famous,2000,https://boxd.it/29CQ
2026-04-29,Mandabi,1968,https://boxd.it/3pi0
2026-04-30,Pusher II,2004,https://boxd.it/1U7y
2026-05-01,Some Like It Hot,1959,https://boxd.it/2aNA
2026-05-02,Das Boot,1981,https://boxd.it/2av2
2026-05-04,The Player,1992,https://boxd.it/1WlM
2026-05-06,A Prophet,2009,https://boxd.it/1BGE
2026-05-07,Pusher III,2005,https://boxd.it/1U7e
2026-05-08,Uncle Boonmee Who Can Recall His Past Lives,2010,https://boxd.it/168Q
2026-05-09,Pink Flamingos,1972,https://boxd.it/29NO
2026-05-12,The Motorcycle Diaries,2004,https://boxd.it/28nU
2026-05-13,Dancer in the Dark,2000,https://boxd.it/71E
2026-05-14,Possibly in Michigan,1983,https://boxd.it/aXA2
2026-05-14,A Separation,2011,https://boxd.it/gvo
2026-05-15,Faces,1968,https://boxd.it/29Ia
2026-05-17,The Third Man,1949,https://boxd.it/294E
2026-05-17,Red Beard,1965,https://boxd.it/251m
2026-05-18,All About My Mother,1999,https://boxd.it/2b9c
2026-05-19,Distant,2002,https://boxd.it/1k28
2026-05-20,The Wind That Shakes the Barley,2006,https://boxd.it/293Q
2026-05-21,The Celebration,1998,https://boxd.it/2aCM
2026-05-22,Mandy,2018,https://boxd.it/gtti
2026-05-26,Nomadland,2020,https://boxd.it/lnRy
2026-05-26,Polytechnique,2009,https://boxd.it/1AMG
2026-05-27,Lenny,1974,https://boxd.it/1sym
2026-05-28,Before the Devil Knows You're Dead,2007,https://boxd.it/20Jy
2026-05-29,The Tenant,1976,https://boxd.it/1TKk
2026-05-30,Portrait of a Lady on Fire,2019,https://boxd.it/jkPq
2026-05-31,Threads,1984,https://boxd.it/1I0g
2026-06-01,Russian Ark,2002,https://boxd.it/1JQM
2026-06-01,Victoria,2015,https://boxd.it/amSe
2026-06-03,3 Women,1977,https://boxd.it/YPs
2026-06-03,Hokum,2026,https://boxd.it/SUeq
2026-06-04,Barton Fink,1991,https://boxd.it/2aFQ
2026-06-05,Andrei Rublev,1966,https://boxd.it/29lg
2026-06-05,Fargo,1996,https://boxd.it/2aHM
2026-06-06,Elle,2016,https://boxd.it/bdhq
2026-06-07,A Serious Man,2009,https://boxd.it/1RFW
2026-06-08,Dial M for Murder,1954,https://boxd.it/2adW
2026-06-10,The Face of Another,1966,https://boxd.it/1nso
2026-06-11,The Searchers,1956,https://boxd.it/25HC
2026-06-12,In Which Annie Gives It Those Ones,1989,https://boxd.it/cCoe
2026-06-13,Bacurau,2019,https://boxd.it/fSUG
2026-06-13,The Red Shoes,1948,https://boxd.it/1EXI
2026-06-15,Children of Men,2006,https://boxd.it/1Y2i
2026-06-16,Peeping Tom,1960,https://boxd.it/1Utk
2026-06-18,Breaking the Waves,1996,https://boxd.it/2b1W
2026-06-19,Climates,2006,https://boxd.it/1H0k
2026-06-20,Monty Python and the Holy Grail,1975,https://boxd.it/29GI
2026-06-20,Secret Sunshine,2007,https://boxd.it/27CY
2026-06-21,The Holy Mountain,1973,https://boxd.it/20mu
2026-06-22,Fanny and Alexander,1982,https://boxd.it/22go
2026-06-24,Burning,2018,https://boxd.it/hHUa
2026-06-25,Peppermint Candy,1999,https://boxd.it/ZQc
2026-06-25,Oasis,2002,https://boxd.it/1sO0
2026-06-27,Post Tenebras Lux,2012,https://boxd.it/3wTs
2026-06-27,In Bruges,2008,https://boxd.it/20n8
2026-06-28,Ordet,1955,https://boxd.it/Jiy
2026-06-29,Rope,1948,https://boxd.it/28yo
2026-06-30,Secrets & Lies,1996,https://boxd.it/1UuC
2026-07-01,Obsession,2025,https://boxd.it/PNqo
2026-07-02,Gattaca,1997,https://boxd.it/29Du
2026-07-03,A Ghost Story,2017,https://boxd.it/fb0K
2026-07-04,The Stepford Wives,1975,https://boxd.it/1Sfq
2026-07-06,Cannibal Tours,1988,https://boxd.it/14hw
2026-07-07,The Northman,2022,https://boxd.it/nK2s
2026-07-07,Vera Drake,2004,https://boxd.it/1UCm
2026-07-08,Nosferatu the Vampyre,1979,https://boxd.it/21J0
2026-07-09,Nosferatu,1922,https://boxd.it/29TM
2026-07-10,Nosferatu,2024,https://boxd.it/f5eG
2026-07-11,Touki Bouki,1973,https://boxd.it/2H44
2026-07-12,"Good Luck, Have Fun, Don't Die",2025,https://boxd.it/Glua
2026-07-16,Following,1998,https://boxd.it/1Tj4
2026-07-17,Backrooms,2026,https://boxd.it/EY6W
2026-07-17,Another Round,2020,https://boxd.it/lkba
2026-07-29,The Odyssey,2026,https://boxd.it/QFQU
2026-07-30,The Human Condition I: No Greater Love,1959,https://boxd.it/1jAy
2026-07-31,The Human Condition II: Road to Eternity,1959,https://boxd.it/1dJa
2026-08-01,The Human Condition III: A Soldier's Prayer,1961,https://boxd.it/1dIQ
2026-08-02,The Manchurian Candidate,1962,https://boxd.it/299Y
2026-08-03,Husbands,1970,https://boxd.it/zOY
2026-08-04,The Train,1964,https://boxd.it/25lm
2026-08-06,Harakiri,1962,https://boxd.it/1NTU
2026-08-06,Minnie and Moskowitz,1971,https://boxd.it/1xPi
2026-08-07,Seconds,1966,https://boxd.it/1Dbe
2026-08-08,The Wild Pear Tree,2018,https://boxd.it/eMtM
2026-08-09,The Drama,2026,https://boxd.it/OA2w
2026-08-11,El Topo,1970,https://boxd.it/1QYS
2026-08-11,Pearl,2022,https://boxd.it/zPbe
2026-08-12,The Man Who Wasn't There,2001,https://boxd.it/1Vqc
2026-08-14,The Turin Horse,2011,https://boxd.it/2Qsk
2026-08-15,The Man from Earth,2007,https://boxd.it/1Ql2
2026-08-16,Kwaidan,1964,https://boxd.it/1kbY
2026-08-17,The Night of the Hunter,1955,https://boxd.it/25HW
2026-08-18,True Grit,2010,https://boxd.it/Sog
2026-08-19,Pather Panchali,1955,https://boxd.it/22yC
2026-08-20,Aparajito,1956,https://boxd.it/29kW
2026-08-21,Apur Sansar,1959,https://boxd.it/29l6
2026-08-22,The Invite,2026,https://boxd.it/zRNY
2026-08-23,Green Book,2018,https://boxd.it/hErk
2026-08-24,Sound of Metal,2019,https://boxd.it/i7Q4
2026-08-25,Mother,2009,https://boxd.it/1m9g
